{"stats":{"minecraft:killed_by":{"minecraft:zombie":1},"minecraft:mined":{"minecraft:iron_ore":11,"minecraft:short_grass":4,"minecraft:oak_log":32,"minecraft:grass_block":2,"minecraft:coal_ore":2,"minecraft:dirt":5,"minecraft:tall_grass":1,"minecraft:stone":18,"minecraft:oak_leaves":10},"minecraft:crafted":{"minecraft:oak_planks":32,"minecraft:crafting_table":1,"minecraft:stick":8,"minecraft:wooden_pickaxe":1,"minecraft:stone_pickaxe":2},"minecraft:custom":{"minecraft:time_since_rest":14299,"minecraft:sprint_one_cm":53252,"minecraft:damage_taken":275,"minecraft:walk_one_cm":44617,"minecraft:mob_kills":3,"minecraft:damage_dealt":165,"minecraft:interact_with_crafting_table":2,"minecraft:swim_one_cm":1246,"minecraft:fly_one_cm":48286,"minecraft:play_time":15879,"minecraft:deaths":1,"minecraft:sneak_time":15,"minecraft:walk_under_water_one_cm":459,"minecraft:jump":279,"minecraft:leave_game":3,"minecraft:time_since_death":13592,"minecraft:walk_on_water_one_cm":676,"minecraft:total_world_time":15879,"minecraft:fall_one_cm":3996},"minecraft:picked_up":{"minecraft:stick":1,"minecraft:raw_iron":11,"minecraft:feather":3,"minecraft:chicken":3,"minecraft:oak_log":28,"minecraft:dirt":7,"minecraft:rotten_flesh":1,"minecraft:oak_sapling":1,"minecraft:coal":2,"minecraft:cobblestone":18},"minecraft:killed":{"minecraft:chicken":3},"minecraft:used":{"minecraft:stone_pickaxe":25,"minecraft:wooden_pickaxe":6,"minecraft:dirt":3,"minecraft:crafting_table":1}},"DataVersion":3953}