{"stats":{"minecraft:killed":{"minecraft:pig":2,"minecraft:spider":1,"minecraft:sheep":1,"minecraft:skeleton":3,"minecraft:zombie":1,"minecraft:chicken":1,"minecraft:skeleton_horse":1,"minecraft:cow":2},"minecraft:picked_up":{"minecraft:crafting_table":1,"minecraft:chicken":1,"minecraft:leather":3,"minecraft:potato":11,"minecraft:tuff":6,"minecraft:oak_log":15,"minecraft:dirt":25,"minecraft:string":1,"minecraft:bone":7,"minecraft:wheat_seeds":2,"minecraft:cobbled_deepslate":41,"minecraft:raw_gold":1,"minecraft:beef":5,"minecraft:egg":1,"minecraft:stick":2,"minecraft:torch":3,"minecraft:porkchop":10,"minecraft:diorite":2,"minecraft:carrot":23,"minecraft:redstone":37,"minecraft:spider_eye":1,"minecraft:rotten_flesh":2,"minecraft:arrow":6,"minecraft:golden_apple":1,"minecraft:bread":3,"minecraft:oak_sapling":1,"minecraft:mutton":1,"minecraft:coal":11,"minecraft:white_wool":1,"minecraft:cobblestone":26},"minecraft:killed_by":{"minecraft:skeleton":2,"minecraft:zombie":1},"minecraft:mined":{"minecraft:deepslate_redstone_ore":2,"minecraft:tuff":6,"minecraft:crafting_table":1,"minecraft:torch":2,"minecraft:grass_block":1,"minecraft:redstone_wire":1,"minecraft:cobblestone":3,"minecraft:deepslate_gold_ore":1,"minecraft:diorite":2,"minecraft:wall_torch":1,"minecraft:carrots":8,"minecraft:potatoes":9,"minecraft:oak_log":15,"minecraft:coal_ore":12,"minecraft:gravel":2,"minecraft:dirt":2,"minecraft:stone":23,"minecraft:oak_leaves":10,"minecraft:deepslate":42},"minecraft:broken":{"minecraft:wooden_sword":1},"minecraft:custom":{"minecraft:mob_kills":12,"minecraft:interact_with_crafting_table":4,"minecraft:leave_game":5,"minecraft:time_since_death":35696,"minecraft:sleep_in_bed":1,"minecraft:time_since_rest":21501,"minecraft:sprint_one_cm":87964,"minecraft:damage_absorbed":27,"minecraft:damage_taken":1938,"minecraft:walk_one_cm":143189,"minecraft:drop":3,"minecraft:damage_dealt":1828,"minecraft:swim_one_cm":8496,"minecraft:fly_one_cm":35491,"minecraft:open_chest":9,"minecraft:crouch_one_cm":459,"minecraft:play_time":40758,"minecraft:deaths":4,"minecraft:sneak_time":2404,"minecraft:walk_under_water_one_cm":2349,"minecraft:jump":405,"minecraft:walk_on_water_one_cm":6402,"minecraft:total_world_time":40758,"minecraft:fall_one_cm":9709},"minecraft:dropped":{"minecraft:redstone":27},"minecraft:used":{"minecraft:diorite":2,"minecraft:redstone":9,"minecraft:oak_planks":1,"minecraft:torch":21,"minecraft:golden_apple":1,"minecraft:dirt":11,"minecraft:crafting_table":1,"minecraft:carrot":20,"minecraft:spider_eye":1,"minecraft:diamond_pickaxe":91,"minecraft:chicken":1,"minecraft:bread":3,"minecraft:diamond_sword":22,"minecraft:wooden_sword":59,"minecraft:cobblestone":19,"minecraft:beef":5,"minecraft:oak_sapling":1,"minecraft:porkchop":4,"minecraft:egg":1,"minecraft:potato":7,"minecraft:cobbled_deepslate":5},"minecraft:crafted":{"minecraft:wooden_sword":1,"minecraft:oak_planks":20,"minecraft:diamond_sword":1,"minecraft:crafting_table":1,"minecraft:wooden_pickaxe":1,"minecraft:diamond_pickaxe":1,"minecraft:stick":20,"minecraft:torch":44}},"DataVersion":3953}