{"stats":{"minecraft:killed_by":{"minecraft:skeleton":2,"minecraft:zombie":1},"minecraft:mined":{"minecraft:grass_block":1,"minecraft:dirt":2},"minecraft:custom":{"minecraft:time_since_rest":301,"minecraft:crouch_one_cm":162,"minecraft:play_time":5333,"minecraft:sprint_one_cm":14925,"minecraft:walk_one_cm":31729,"minecraft:damage_taken":1238,"minecraft:deaths":4,"minecraft:sneak_time":71,"minecraft:walk_under_water_one_cm":429,"minecraft:mob_kills":2,"minecraft:jump":127,"minecraft:damage_dealt":401,"minecraft:leave_game":1,"minecraft:time_since_death":271,"minecraft:walk_on_water_one_cm":998,"minecraft:total_world_time":5333,"minecraft:fall_one_cm":5241,"minecraft:fly_one_cm":13661},"minecraft:picked_up":{"minecraft:arrow":5,"minecraft:bone":4,"minecraft:rotten_flesh":2,"minecraft:wheat_seeds":2,"minecraft:porkchop":6,"minecraft:mutton":1,"minecraft:string":1,"minecraft:white_wool":1,"minecraft:dirt":25},"minecraft:killed":{"minecraft:sheep":1,"minecraft:skeleton":1},"minecraft:used":{"minecraft:dirt":11}},"DataVersion":3953}