{"stats":{"minecraft:killed_by":{"minecraft:zombie":1,"minecraft:enderman":1},"minecraft:mined":{"minecraft:short_grass":15,"minecraft:grass_block":23,"minecraft:oak_log":12,"minecraft:dirt":57,"minecraft:tall_grass":1,"minecraft:stone":36,"minecraft:oak_leaves":69},"minecraft:custom":{"minecraft:time_since_rest":3787,"minecraft:damage_taken":897,"minecraft:sprint_one_cm":12286,"minecraft:play_time":23996,"minecraft:deaths":3,"minecraft:walk_one_cm":122168,"minecraft:walk_under_water_one_cm":10022,"minecraft:jump":116,"minecraft:damage_dealt":10,"minecraft:walk_on_water_one_cm":3443,"minecraft:time_since_death":3722,"minecraft:total_world_time":23996,"minecraft:interact_with_crafting_table":4,"minecraft:fly_one_cm":1587,"minecraft:fall_one_cm":3306},"minecraft:crafted":{"minecraft:stone_sword":1,"minecraft:wooden_sword":1,"minecraft:oak_planks":48,"minecraft:stone_pickaxe":1,"minecraft:wooden_pickaxe":1},"minecraft:picked_up":{"minecraft:bone":2,"minecraft:stick":6,"minecraft:stone_sword":1,"minecraft:arrow":2,"minecraft:wheat_seeds":3,"minecraft:oak_log":12,"minecraft:oak_sapling":9,"minecraft:dirt":74,"minecraft:cobblestone":36},"minecraft:broken":{"minecraft:wooden_pickaxe":1},"minecraft:used":{"minecraft:dirt":1,"minecraft:wooden_pickaxe":60}},"DataVersion":3953}