{"stats":{"minecraft:killed_by":{"minecraft:creeper":1,"minecraft:spider":1,"minecraft:zombie":2,"minecraft:enderman":1},"minecraft:dropped":{"minecraft:coal":16},"minecraft:mined":{"minecraft:bee_nest":1,"minecraft:short_grass":27,"minecraft:grass_block":44,"minecraft:oak_log":41,"minecraft:dirt":80,"minecraft:tall_grass":2,"minecraft:stone":65,"minecraft:oak_planks":1,"minecraft:oxeye_daisy":1,"minecraft:oak_leaves":109},"minecraft:crafted":{"minecraft:coal_block":1,"minecraft:wooden_sword":1,"minecraft:oak_slab":6,"minecraft:oak_planks":120,"minecraft:crafting_table":2,"minecraft:stick":32,"minecraft:wooden_pickaxe":2,"minecraft:stone_pickaxe":4,"minecraft:stone_sword":1},"minecraft:custom":{"minecraft:time_since_rest":400,"minecraft:interact_with_furnace":2,"minecraft:sprint_one_cm":19481,"minecraft:damage_taken":1577,"minecraft:walk_one_cm":218438,"minecraft:drop":1,"minecraft:damage_dealt":94,"minecraft:swim_one_cm":2921,"minecraft:interact_with_crafting_table":8,"minecraft:fly_one_cm":3777,"minecraft:open_chest":3,"minecraft:play_time":48545,"minecraft:deaths":6,"minecraft:walk_under_water_one_cm":11185,"minecraft:jump":286,"minecraft:leave_game":1,"minecraft:time_since_death":344,"minecraft:walk_on_water_one_cm":7111,"minecraft:total_world_time":48545,"minecraft:fall_one_cm":4448},"minecraft:picked_up":{"minecraft:stick":7,"minecraft:oak_log":38,"minecraft:dirt":135,"minecraft:arrow":2,"minecraft:stone_sword":1,"minecraft:bone":2,"minecraft:wheat_seeds":4,"minecraft:oak_sapling":12,"minecraft:coal":16,"minecraft:cobblestone":67,"minecraft:oxeye_daisy":1},"minecraft:broken":{"minecraft:wooden_pickaxe":2},"minecraft:used":{"minecraft:oak_planks":4,"minecraft:wooden_pickaxe":117,"minecraft:dirt":1,"minecraft:crafting_table":1}},"DataVersion":3953}