{"stats":{"minecraft:killed":{"minecraft:skeleton":1,"minecraft:sheep":1,"minecraft:zombie":1,"minecraft:pig":2,"minecraft:chicken":1,"minecraft:skeleton_horse":1,"minecraft:cow":2},"minecraft:picked_up":{"minecraft:stick":2,"minecraft:crafting_table":1,"minecraft:chicken":1,"minecraft:leather":3,"minecraft:porkchop":10,"minecraft:oak_log":10,"minecraft:string":1,"minecraft:dirt":25,"minecraft:arrow":5,"minecraft:bone":5,"minecraft:rotten_flesh":2,"minecraft:wheat_seeds":2,"minecraft:beef":5,"minecraft:oak_sapling":1,"minecraft:mutton":1,"minecraft:white_wool":1,"minecraft:egg":1},"minecraft:killed_by":{"minecraft:skeleton":2,"minecraft:zombie":1},"minecraft:mined":{"minecraft:crafting_table":1,"minecraft:grass_block":1,"minecraft:oak_log":10,"minecraft:gravel":2,"minecraft:dirt":2,"minecraft:oak_leaves":9},"minecraft:broken":{"minecraft:wooden_sword":1},"minecraft:custom":{"minecraft:time_since_rest":12538,"minecraft:sprint_one_cm":55238,"minecraft:damage_taken":1473,"minecraft:walk_one_cm":64353,"minecraft:mob_kills":9,"minecraft:damage_dealt":1196,"minecraft:swim_one_cm":8496,"minecraft:interact_with_crafting_table":4,"minecraft:fly_one_cm":26283,"minecraft:open_chest":5,"minecraft:crouch_one_cm":267,"minecraft:play_time":17570,"minecraft:deaths":4,"minecraft:sneak_time":1224,"minecraft:walk_under_water_one_cm":653,"minecraft:jump":246,"minecraft:leave_game":4,"minecraft:walk_on_water_one_cm":3146,"minecraft:time_since_death":12508,"minecraft:total_world_time":17570,"minecraft:fall_one_cm":6472},"minecraft:used":{"minecraft:wooden_sword":59,"minecraft:dirt":11,"minecraft:beef":5,"minecraft:crafting_table":1,"minecraft:oak_sapling":1,"minecraft:porkchop":2},"minecraft:crafted":{"minecraft:wooden_sword":1,"minecraft:oak_planks":20,"minecraft:diamond_sword":1,"minecraft:diamond_pickaxe":1,"minecraft:crafting_table":1,"minecraft:stick":8,"minecraft:wooden_pickaxe":1}},"DataVersion":3953}