{"stats":{"minecraft:killed_by":{"minecraft:spider":1},"minecraft:mined":{"minecraft:short_grass":13,"minecraft:tall_grass":5,"minecraft:grass_block":2},"minecraft:custom":{"minecraft:jump":69,"minecraft:walk_on_water_one_cm":1227,"minecraft:time_since_rest":638,"minecraft:crouch_one_cm":174,"minecraft:damage_dealt":89,"minecraft:play_time":3695,"minecraft:leave_game":2,"minecraft:sprint_one_cm":6967,"minecraft:damage_taken":405,"minecraft:time_since_death":408,"minecraft:walk_one_cm":10162,"minecraft:sneak_time":41,"minecraft:total_world_time":3695,"minecraft:walk_under_water_one_cm":2404,"minecraft:fall_one_cm":1881,"minecraft:fly_one_cm":20600,"minecraft:deaths":1},"minecraft:picked_up":{"minecraft:wheat_seeds":3,"minecraft:dirt":2},"minecraft:used":{"minecraft:dirt":2}},"DataVersion":3953}