{"stats":{"minecraft:killed_by":{"minecraft:zombie":1},"minecraft:mined":{"minecraft:grass_block":1,"minecraft:oak_log":9,"minecraft:dirt":3,"minecraft:oak_leaves":4},"minecraft:custom":{"minecraft:time_since_rest":6174,"minecraft:deaths":1,"minecraft:play_time":7754,"minecraft:sprint_one_cm":32497,"minecraft:damage_taken":275,"minecraft:walk_one_cm":12010,"minecraft:sneak_time":15,"minecraft:walk_under_water_one_cm":285,"minecraft:jump":155,"minecraft:damage_dealt":44,"minecraft:leave_game":2,"minecraft:walk_on_water_one_cm":433,"minecraft:time_since_death":5467,"minecraft:total_world_time":7754,"minecraft:swim_one_cm":992,"minecraft:fall_one_cm":2357,"minecraft:fly_one_cm":40089},"minecraft:picked_up":{"minecraft:oak_log":9,"minecraft:dirt":4},"minecraft:used":{"minecraft:dirt":3}},"DataVersion":3953}