{"stats":{"minecraft:killed_by":{"minecraft:enderman":1},"minecraft:mined":{"minecraft:short_grass":7,"minecraft:grass_block":7,"minecraft:oak_log":12,"minecraft:dirt":18,"minecraft:oak_leaves":69},"minecraft:custom":{"minecraft:time_since_rest":8610,"minecraft:damage_taken":272,"minecraft:sprint_one_cm":12286,"minecraft:play_time":11996,"minecraft:deaths":1,"minecraft:walk_one_cm":68581,"minecraft:jump":43,"minecraft:time_since_death":8533,"minecraft:total_world_time":11996,"minecraft:interact_with_crafting_table":1,"minecraft:fly_one_cm":895,"minecraft:fall_one_cm":269},"minecraft:picked_up":{"minecraft:bone":2,"minecraft:stick":6,"minecraft:stone_sword":1,"minecraft:arrow":2,"minecraft:oak_log":12,"minecraft:oak_sapling":8,"minecraft:dirt":25},"minecraft:used":{"minecraft:dirt":1}},"DataVersion":3953}