{"stats":{"minecraft:killed_by":{"minecraft:skeleton":2,"minecraft:zombie":1},"minecraft:mined":{"minecraft:crafting_table":1,"minecraft:grass_block":1,"minecraft:oak_log":5,"minecraft:gravel":2,"minecraft:dirt":2,"minecraft:oak_leaves":8},"minecraft:crafted":{"minecraft:wooden_sword":1,"minecraft:oak_planks":20,"minecraft:crafting_table":1,"minecraft:stick":4,"minecraft:wooden_pickaxe":1},"minecraft:custom":{"minecraft:time_since_rest":6385,"minecraft:sprint_one_cm":38310,"minecraft:damage_taken":1463,"minecraft:walk_one_cm":53911,"minecraft:mob_kills":5,"minecraft:damage_dealt":803,"minecraft:swim_one_cm":2548,"minecraft:interact_with_crafting_table":1,"minecraft:fly_one_cm":24983,"minecraft:crouch_one_cm":267,"minecraft:play_time":11417,"minecraft:deaths":4,"minecraft:sneak_time":1166,"minecraft:walk_under_water_one_cm":549,"minecraft:jump":216,"minecraft:leave_game":2,"minecraft:walk_on_water_one_cm":2976,"minecraft:time_since_death":6355,"minecraft:total_world_time":11417,"minecraft:fall_one_cm":5928},"minecraft:picked_up":{"minecraft:stick":2,"minecraft:crafting_table":1,"minecraft:leather":3,"minecraft:porkchop":6,"minecraft:oak_log":5,"minecraft:string":1,"minecraft:dirt":25,"minecraft:arrow":5,"minecraft:bone":4,"minecraft:rotten_flesh":2,"minecraft:wheat_seeds":2,"minecraft:beef":5,"minecraft:oak_sapling":1,"minecraft:mutton":1,"minecraft:white_wool":1,"minecraft:egg":1},"minecraft:killed":{"minecraft:skeleton":1,"minecraft:sheep":1,"minecraft:zombie":1,"minecraft:cow":2},"minecraft:used":{"minecraft:wooden_sword":33,"minecraft:dirt":11,"minecraft:beef":4,"minecraft:crafting_table":1,"minecraft:oak_sapling":1}},"DataVersion":3953}