{"stats":{"minecraft:killed_by":{"minecraft:creeper":1,"minecraft:spider":1,"minecraft:zombie":1,"minecraft:enderman":1},"minecraft:dropped":{"minecraft:coal":16},"minecraft:mined":{"minecraft:bee_nest":1,"minecraft:short_grass":26,"minecraft:grass_block":28,"minecraft:oak_log":41,"minecraft:dirt":58,"minecraft:tall_grass":2,"minecraft:stone":36,"minecraft:oxeye_daisy":1,"minecraft:oak_leaves":109},"minecraft:crafted":{"minecraft:coal_block":1,"minecraft:wooden_sword":1,"minecraft:oak_slab":6,"minecraft:oak_planks":48,"minecraft:wooden_pickaxe":1,"minecraft:stone_pickaxe":1,"minecraft:stone_sword":1},"minecraft:custom":{"minecraft:time_since_rest":8603,"minecraft:interact_with_furnace":2,"minecraft:sprint_one_cm":17198,"minecraft:damage_taken":1402,"minecraft:walk_one_cm":182149,"minecraft:drop":1,"minecraft:damage_dealt":10,"minecraft:swim_one_cm":2921,"minecraft:interact_with_crafting_table":6,"minecraft:fly_one_cm":3086,"minecraft:open_chest":1,"minecraft:play_time":35996,"minecraft:deaths":5,"minecraft:walk_under_water_one_cm":11185,"minecraft:jump":217,"minecraft:time_since_death":8548,"minecraft:walk_on_water_one_cm":4922,"minecraft:total_world_time":35996,"minecraft:fall_one_cm":3575},"minecraft:picked_up":{"minecraft:stick":7,"minecraft:oak_log":38,"minecraft:dirt":102,"minecraft:arrow":2,"minecraft:stone_sword":1,"minecraft:bone":2,"minecraft:wheat_seeds":4,"minecraft:oak_sapling":12,"minecraft:coal":16,"minecraft:cobblestone":38,"minecraft:oxeye_daisy":1},"minecraft:broken":{"minecraft:wooden_pickaxe":1},"minecraft:used":{"minecraft:wooden_pickaxe":60,"minecraft:dirt":1}},"DataVersion":3953}