{"stats":{"minecraft:mined":{"minecraft:tall_grass":3,"minecraft:short_grass":4,"minecraft:grass_block":2},"minecraft:custom":{"minecraft:jump":31,"minecraft:time_since_rest":1902,"minecraft:leave_game":1,"minecraft:sprint_one_cm":2200,"minecraft:play_time":1902,"minecraft:time_since_death":1902,"minecraft:walk_one_cm":4400,"minecraft:total_world_time":1902,"minecraft:fall_one_cm":418,"minecraft:fly_one_cm":9938},"minecraft:picked_up":{"minecraft:wheat_seeds":2,"minecraft:dirt":2},"minecraft:used":{"minecraft:dirt":2}},"DataVersion":3953}