{"stats":{"minecraft:killed_by":{"minecraft:zombie":1},"minecraft:mined":{"minecraft:grass_block":1,"minecraft:dirt":3},"minecraft:custom":{"minecraft:jump":61,"minecraft:time_since_rest":2155,"minecraft:leave_game":1,"minecraft:damage_dealt":44,"minecraft:deaths":1,"minecraft:sprint_one_cm":9874,"minecraft:play_time":3735,"minecraft:damage_taken":275,"minecraft:time_since_death":1448,"minecraft:walk_one_cm":6066,"minecraft:sneak_time":15,"minecraft:total_world_time":3735,"minecraft:fall_one_cm":836,"minecraft:fly_one_cm":13066},"minecraft:picked_up":{"minecraft:dirt":4},"minecraft:used":{"minecraft:dirt":3}},"DataVersion":3953}