{"stats":{"minecraft:killed_by":{"minecraft:zombie":2},"minecraft:mined":{"minecraft:iron_ore":1,"minecraft:andesite":6,"minecraft:dandelion":1,"minecraft:pumpkin":10,"minecraft:crafting_table":2,"minecraft:granite":5,"minecraft:short_grass":12,"minecraft:coal_ore":6,"minecraft:grass_block":1,"minecraft:oak_log":9,"minecraft:dirt":15,"minecraft:cobblestone":9,"minecraft:stone":79,"minecraft:tripwire":1,"minecraft:oak_leaves":22,"minecraft:deepslate":3},"minecraft:crafted":{"minecraft:oak_planks":24,"minecraft:fishing_rod":1,"minecraft:crafting_table":1,"minecraft:stick":8,"minecraft:wooden_pickaxe":1,"minecraft:stone_pickaxe":1,"minecraft:white_bed":1,"minecraft:bone_meal":6},"minecraft:custom":{"minecraft:time_since_rest":11443,"minecraft:sprint_one_cm":77342,"minecraft:damage_taken":620,"minecraft:walk_one_cm":96586,"minecraft:mob_kills":9,"minecraft:damage_dealt":944,"minecraft:interact_with_crafting_table":5,"minecraft:swim_one_cm":9435,"minecraft:fly_one_cm":15622,"minecraft:crouch_one_cm":459,"minecraft:play_time":30000,"minecraft:deaths":2,"minecraft:sneak_time":3341,"minecraft:walk_under_water_one_cm":354,"minecraft:jump":332,"minecraft:fish_caught":2,"minecraft:time_since_death":25761,"minecraft:walk_on_water_one_cm":1167,"minecraft:sleep_in_bed":2,"minecraft:total_world_time":30000,"minecraft:fall_one_cm":2181},"minecraft:picked_up":{"minecraft:raw_iron":1,"minecraft:oak_slab":6,"minecraft:stick":4,"minecraft:crafting_table":2,"minecraft:pumpkin":10,"minecraft:andesite":6,"minecraft:oak_log":14,"minecraft:string":3,"minecraft:dirt":51,"minecraft:bone":2,"minecraft:rotten_flesh":2,"minecraft:apple":1,"minecraft:wheat_seeds":2,"minecraft:cobbled_deepslate":3,"minecraft:granite":5,"minecraft:cod":2,"minecraft:light_gray_wool":1,"minecraft:coal":6,"minecraft:oak_planks":5,"minecraft:oak_sapling":1,"minecraft:mutton":11,"minecraft:white_wool":6,"minecraft:cobblestone":145},"minecraft:killed":{"minecraft:sheep":7,"minecraft:zombie":1},"minecraft:broken":{"minecraft:stone_pickaxe":1,"minecraft:wooden_pickaxe":1},"minecraft:used":{"minecraft:oak_log":4,"minecraft:stone_pickaxe":98,"minecraft:string":1,"minecraft:wooden_pickaxe":59,"minecraft:fishing_rod":4,"minecraft:mutton":10,"minecraft:cobblestone":59,"minecraft:crafting_table":3,"minecraft:oak_sapling":1,"minecraft:white_bed":1,"minecraft:cobbled_deepslate":3,"minecraft:bone_meal":6}},"DataVersion":3953}