{"stats":{"minecraft:killed_by":{"minecraft:zombie":2},"minecraft:mined":{"minecraft:andesite":6,"minecraft:dandelion":1,"minecraft:crafting_table":2,"minecraft:granite":5,"minecraft:short_grass":3,"minecraft:grass_block":1,"minecraft:oak_log":9,"minecraft:dirt":15,"minecraft:cobblestone":9,"minecraft:stone":78,"minecraft:tripwire":1,"minecraft:oak_leaves":22,"minecraft:deepslate":3},"minecraft:crafted":{"minecraft:oak_planks":24,"minecraft:fishing_rod":1,"minecraft:crafting_table":1,"minecraft:stick":8,"minecraft:wooden_pickaxe":1,"minecraft:stone_pickaxe":1,"minecraft:white_bed":1,"minecraft:bone_meal":6},"minecraft:custom":{"minecraft:time_since_rest":8113,"minecraft:sprint_one_cm":56594,"minecraft:damage_taken":470,"minecraft:walk_one_cm":40954,"minecraft:mob_kills":5,"minecraft:damage_dealt":436,"minecraft:interact_with_crafting_table":5,"minecraft:swim_one_cm":7270,"minecraft:fly_one_cm":13220,"minecraft:crouch_one_cm":188,"minecraft:play_time":18000,"minecraft:deaths":2,"minecraft:sneak_time":1848,"minecraft:walk_under_water_one_cm":19,"minecraft:jump":190,"minecraft:time_since_death":13761,"minecraft:walk_on_water_one_cm":775,"minecraft:sleep_in_bed":1,"minecraft:total_world_time":18000,"minecraft:fall_one_cm":1972},"minecraft:picked_up":{"minecraft:stick":4,"minecraft:crafting_table":2,"minecraft:andesite":6,"minecraft:oak_log":14,"minecraft:string":3,"minecraft:dirt":16,"minecraft:bone":2,"minecraft:rotten_flesh":2,"minecraft:apple":1,"minecraft:cobbled_deepslate":3,"minecraft:granite":5,"minecraft:oak_sapling":1,"minecraft:mutton":4,"minecraft:white_wool":3,"minecraft:cobblestone":78},"minecraft:broken":{"minecraft:wooden_pickaxe":1},"minecraft:killed":{"minecraft:sheep":3,"minecraft:zombie":1},"minecraft:used":{"minecraft:oak_log":4,"minecraft:stone_pickaxe":56,"minecraft:string":1,"minecraft:wooden_pickaxe":59,"minecraft:cobblestone":59,"minecraft:crafting_table":3,"minecraft:oak_sapling":1,"minecraft:white_bed":1,"minecraft:cobbled_deepslate":3,"minecraft:bone_meal":5}},"DataVersion":3953}