{"stats":{"minecraft:killed_by":{"minecraft:zombie":2},"minecraft:mined":{"minecraft:short_grass":1,"minecraft:oak_log":8,"minecraft:oak_leaves":21},"minecraft:custom":{"minecraft:time_since_rest":1803,"minecraft:deaths":2,"minecraft:play_time":6000,"minecraft:sprint_one_cm":43191,"minecraft:damage_taken":460,"minecraft:walk_one_cm":14458,"minecraft:walk_under_water_one_cm":19,"minecraft:mob_kills":2,"minecraft:jump":74,"minecraft:damage_dealt":161,"minecraft:walk_on_water_one_cm":775,"minecraft:time_since_death":1761,"minecraft:total_world_time":6000,"minecraft:swim_one_cm":7270,"minecraft:fall_one_cm":1972,"minecraft:fly_one_cm":11188},"minecraft:picked_up":{"minecraft:stick":4,"minecraft:rotten_flesh":2,"minecraft:apple":1,"minecraft:oak_log":8,"minecraft:oak_sapling":1},"minecraft:killed":{"minecraft:zombie":1},"minecraft:used":{"minecraft:oak_log":4}},"DataVersion":3953}