{"stats":{"minecraft:mined":{"minecraft:crafting_table":1,"minecraft:short_grass":160,"minecraft:coal_ore":22,"minecraft:grass_block":58,"minecraft:oak_log":11,"minecraft:poppy":1,"minecraft:dirt":2,"minecraft:tall_grass":36,"minecraft:cobblestone":1,"minecraft:stone":53,"minecraft:oak_leaves":8},"minecraft:crafted":{"minecraft:wooden_sword":1,"minecraft:oak_planks":44,"minecraft:wooden_shovel":1,"minecraft:wooden_hoe":1,"minecraft:crafting_table":1,"minecraft:stick":20,"minecraft:wooden_pickaxe":1,"minecraft:stone_pickaxe":1,"minecraft:wooden_axe":2,"minecraft:torch":16},"minecraft:custom":{"minecraft:time_since_rest":21895,"minecraft:sprint_one_cm":40211,"minecraft:walk_one_cm":88430,"minecraft:mob_kills":2,"minecraft:animals_bred":1,"minecraft:damage_dealt":260,"minecraft:interact_with_crafting_table":7,"minecraft:fly_one_cm":83687,"minecraft:crouch_one_cm":747,"minecraft:play_time":21895,"minecraft:walk_under_water_one_cm":848,"minecraft:sneak_time":230,"minecraft:jump":295,"minecraft:leave_game":1,"minecraft:walk_on_water_one_cm":2652,"minecraft:time_since_death":21895,"minecraft:total_world_time":21895,"minecraft:fall_one_cm":3762},"minecraft:picked_up":{"minecraft:crafting_table":1,"minecraft:azure_bluet":1,"minecraft:dandelion":2,"minecraft:oak_log":11,"minecraft:gunpowder":1,"minecraft:dirt":60,"minecraft:rotten_flesh":1,"minecraft:apple":1,"minecraft:wheat_seeds":27,"minecraft:poppy":1,"minecraft:oak_sapling":1,"minecraft:coal":22,"minecraft:cobblestone":43,"minecraft:egg":1},"minecraft:broken":{"minecraft:wooden_pickaxe":1},"minecraft:killed":{"minecraft:zombie":1,"minecraft:creeper":1},"minecraft:used":{"minecraft:wheat_seeds":25,"minecraft:wooden_axe":13,"minecraft:wooden_hoe":146,"minecraft:stone_pickaxe":17,"minecraft:wooden_pickaxe":59,"minecraft:wooden_shovel":113,"minecraft:rotten_flesh":1,"minecraft:torch":10,"minecraft:dirt":60,"minecraft:cobblestone":19,"minecraft:crafting_table":2,"minecraft:oak_sapling":1}},"DataVersion":3953}