{"stats":{"minecraft:killed_by":{"minecraft:creeper":1,"minecraft:zombie":5,"minecraft:enderman":2,"minecraft:skeleton":3},"minecraft:dropped":{"minecraft:oak_log":1,"minecraft:leather":1,"minecraft:saddle":1,"minecraft:dirt":223,"minecraft:gold_ingot":3,"minecraft:bone":2,"minecraft:pig_spawn_egg":2,"minecraft:rotten_flesh":4,"minecraft:poppy":2,"minecraft:arrow":8,"minecraft:glass":1,"minecraft:bread":3,"minecraft:wheat_seeds":13,"minecraft:feather":4,"minecraft:cobblestone":93,"minecraft:golden_apple":1,"minecraft:stick":30,"minecraft:lava_bucket":4,"minecraft:diorite":74,"minecraft:string":6,"minecraft:bucket":224,"minecraft:dandelion":7,"minecraft:diamond_sword":1},"minecraft:mined":{"minecraft:white_bed":4,"minecraft:oak_sapling":1,"minecraft:carved_pumpkin":2,"minecraft:obsidian":1,"minecraft:granite":89,"minecraft:grass_block":1284,"minecraft:composter":1,"minecraft:hopper":19,"minecraft:oxeye_daisy":1,"minecraft:smooth_stone":1,"minecraft:magma_block":19,"minecraft:glowstone":17,"minecraft:iron_ore":99,"minecraft:cobbled_deepslate":3,"minecraft:fire":47,"minecraft:pumpkin":12,"minecraft:dirt_path":4,"minecraft:iron_bars":2,"minecraft:iron_block":4,"minecraft:deepslate_redstone_ore":7,"minecraft:quartz_block":151,"minecraft:blackstone":8,"minecraft:crimson_nylium":22,"minecraft:poppy":2,"minecraft:nether_quartz_ore":519,"minecraft:glass":6,"minecraft:cobblestone":120,"minecraft:sugar_cane":19,"minecraft:oak_planks":17,"minecraft:wall_torch":6,"minecraft:mud":8,"minecraft:nether_wart_block":9,"minecraft:wheat":171,"minecraft:oak_log":373,"minecraft:sand":254,"minecraft:dirt":327,"minecraft:ancient_debris":20,"minecraft:netherrack":989,"minecraft:oak_leaves":899,"minecraft:deepslate":172,"minecraft:nether_gold_ore":38,"minecraft:diamond_ore":6,"minecraft:tuff":37,"minecraft:quartz_stairs":49,"minecraft:deepslate_diamond_ore":60,"minecraft:glow_lichen":1,"minecraft:ladder":5,"minecraft:crimson_roots":2,"minecraft:weeping_vines":1,"minecraft:crimson_stem":2,"minecraft:hay_block":19,"minecraft:redstone_ore":6,"minecraft:furnace":2,"minecraft:carrots":40,"minecraft:andesite":21,"minecraft:potatoes":33,"minecraft:deepslate_iron_ore":11,"minecraft:stone":887,"minecraft:bone_block":6,"minecraft:smithing_table":1,"minecraft:observer":2,"minecraft:dandelion":8,"minecraft:oak_fence":15,"minecraft:crafting_table":4,"minecraft:cornflower":2,"minecraft:short_grass":415,"minecraft:copper_ore":5,"minecraft:tall_grass":60,"minecraft:lapis_ore":9,"minecraft:deepslate_gold_ore":10,"minecraft:diorite":139,"minecraft:yellow_bed":3,"minecraft:coal_ore":100,"minecraft:gravel":3,"minecraft:gold_ore":1},"minecraft:custom":{"minecraft:animals_bred":34,"minecraft:interact_with_crafting_table":100,"minecraft:leave_game":19,"minecraft:time_since_death":5928,"minecraft:sprint_one_cm":952291,"minecraft:damage_blocked_by_shield":4131,"minecraft:drop":135,"minecraft:talked_to_villager":54,"minecraft:play_time":731730,"minecraft:deaths":19,"minecraft:jump":6749,"minecraft:walk_on_water_one_cm":43930,"minecraft:enchant_item":8,"minecraft:interact_with_furnace":70,"minecraft:traded_with_villager":1,"minecraft:sleep_in_bed":20,"minecraft:damage_dealt":42708,"minecraft:crouch_one_cm":67814,"minecraft:horse_one_cm":1006209,"minecraft:interact_with_smithing_table":2,"minecraft:mob_kills":227,"minecraft:inspect_hopper":17,"minecraft:climb_one_cm":3771,"minecraft:walk_one_cm":2996759,"minecraft:sneak_time":16754,"minecraft:walk_under_water_one_cm":39609,"minecraft:boat_one_cm":58179,"minecraft:interact_with_blast_furnace":1,"minecraft:total_world_time":731730,"minecraft:time_since_rest":5953,"minecraft:damage_taken":9390,"minecraft:damage_absorbed":238,"minecraft:swim_one_cm":2631,"minecraft:fly_one_cm":1604821,"minecraft:pig_one_cm":18257,"minecraft:open_chest":333,"minecraft:fish_caught":5,"minecraft:fall_one_cm":111424},"minecraft:crafted":{"minecraft:oak_planks":828,"minecraft:cooked_chicken":4,"minecraft:cooked_mutton":1,"minecraft:quartz_block":273,"minecraft:glass":162,"minecraft:hopper":6,"minecraft:iron_boots":1,"minecraft:diamond_leggings":1,"minecraft:chest":15,"minecraft:oak_fence":48,"minecraft:glass_bottle":9,"minecraft:quartz_stairs":16,"minecraft:oak_slab":30,"minecraft:wooden_shovel":1,"minecraft:emerald":1,"minecraft:cooked_porkchop":15,"minecraft:crafting_table":3,"minecraft:wooden_pickaxe":1,"minecraft:baked_potato":5,"minecraft:iron_helmet":1,"minecraft:smithing_table":1,"minecraft:wooden_hoe":1,"minecraft:iron_chestplate":1,"minecraft:book":1,"minecraft:paper":3,"minecraft:diamond_pickaxe":4,"minecraft:shield":3,"minecraft:stick":68,"minecraft:iron_ingot":119,"minecraft:compass":1,"minecraft:iron_pickaxe":3,"minecraft:iron_block":3,"minecraft:stone_sword":1,"minecraft:gold_ingot":16,"minecraft:composter":4,"minecraft:shears":1,"minecraft:wooden_sword":1,"minecraft:oak_door":9,"minecraft:fishing_rod":1,"minecraft:beehive":1,"minecraft:diamond_hoe":2,"minecraft:furnace":1,"minecraft:piston":8,"minecraft:bone_meal":186,"minecraft:oak_trapdoor":2,"minecraft:flint_and_steel":1,"minecraft:iron_axe":2,"minecraft:stone_pickaxe":3,"minecraft:observer":8,"minecraft:cooked_beef":13,"minecraft:cooked_cod":3,"minecraft:diamond_sword":1,"minecraft:enchanting_table":1,"minecraft:iron_sword":1,"minecraft:cooked_salmon":26,"minecraft:bucket":1,"minecraft:air":0,"minecraft:oak_boat":1,"minecraft:golden_apple":1,"minecraft:wooden_axe":2,"minecraft:iron_shovel":1,"minecraft:iron_leggings":1,"minecraft:torch":44,"minecraft:carrot_on_a_stick":1},"minecraft:picked_up":{"minecraft:wooden_axe":7,"minecraft:iron_chestplate":6,"minecraft:wheat":222,"minecraft:smithing_table":1,"minecraft:diamond_sword":6,"minecraft:potion":5,"minecraft:golden_sword":1,"minecraft:string":77,"minecraft:ocelot_spawn_egg":15,"minecraft:raw_copper":25,"minecraft:soul_soil":1,"minecraft:iron_leggings":2,"minecraft:diamond_leggings":7,"minecraft:cobbled_deepslate":385,"minecraft:gold_nugget":334,"minecraft:smooth_stone":1,"minecraft:bucket":71,"minecraft:wooden_shovel":1,"minecraft:iron_pickaxe":3,"minecraft:iron_boots":4,"minecraft:furnace":2,"minecraft:stick":278,"minecraft:composter":1,"minecraft:oak_fence":31,"minecraft:torch":42,"minecraft:porkchop":40,"minecraft:diorite":481,"minecraft:rabbit_foot":1,"minecraft:quartz_block":251,"minecraft:stone_sword":7,"minecraft:rotten_flesh":205,"minecraft:iron_block":4,"minecraft:carved_pumpkin":2,"minecraft:obsidian":3,"minecraft:iron_bars":14,"minecraft:cod":3,"minecraft:cobblestone":2145,"minecraft:magma_block":19,"minecraft:feather":14,"minecraft:andesite":25,"minecraft:potato":95,"minecraft:flint":1,"minecraft:tuff":79,"minecraft:dirt":2370,"minecraft:lapis_lazuli":201,"minecraft:glass":39,"minecraft:bone":63,"minecraft:bow":4,"minecraft:wheat_seeds":644,"minecraft:raw_gold":41,"minecraft:diamond_helmet":5,"minecraft:glowstone_dust":100,"minecraft:oak_planks":315,"minecraft:honeycomb":6,"minecraft:pig_spawn_egg":1,"minecraft:sand":244,"minecraft:grass_block":3,"minecraft:diamond":230,"minecraft:granite":340,"minecraft:golden_apple":39,"minecraft:oak_sapling":111,"minecraft:netherrack":1191,"minecraft:crimson_roots":16,"minecraft:diamond_pickaxe":9,"minecraft:fishing_rod":6,"minecraft:mud":8,"minecraft:crafting_table":6,"minecraft:azure_bluet":2,"minecraft:chicken":7,"minecraft:ladder":3,"minecraft:shield":5,"minecraft:cornflower":3,"minecraft:wooden_sword":1,"minecraft:flint_and_steel":6,"minecraft:blackstone":8,"minecraft:beef":37,"minecraft:oak_boat":2,"minecraft:observer":2,"minecraft:poppy":5,"minecraft:sugar_cane":40,"minecraft:quartz_stairs":49,"minecraft:diamond_hoe":3,"minecraft:egg":83,"minecraft:raw_iron":191,"minecraft:trident":2,"minecraft:carrot":200,"minecraft:redstone":206,"minecraft:arrow":88,"minecraft:diamond_chestplate":5,"minecraft:cooked_cod":4,"minecraft:shears":2,"minecraft:diamond_boots":5,"minecraft:hay_block":19,"minecraft:saddle":2,"minecraft:gold_ingot":5,"minecraft:mutton":1,"minecraft:bone_block":6,"minecraft:white_wool":6,"minecraft:oxeye_daisy":6,"minecraft:crimson_stem":2,"minecraft:salmon":5,"minecraft:leather":24,"minecraft:carrot_on_a_stick":1,"minecraft:filled_map":3,"minecraft:oak_log":402,"minecraft:ancient_debris":29,"minecraft:nether_wart_block":17,"minecraft:yellow_bed":3,"minecraft:gunpowder":25,"minecraft:wooden_hoe":8,"minecraft:apple":19,"minecraft:iron_ingot":20,"minecraft:stone_pickaxe":10,"minecraft:cooked_chicken":4,"minecraft:glass_bottle":4,"minecraft:iron_sword":3,"minecraft:soul_sand":9,"minecraft:pumpkin":12,"minecraft:quartz":716,"minecraft:dandelion":25,"minecraft:gravel":10,"minecraft:lava_bucket":7,"minecraft:white_bed":4,"minecraft:spider_eye":14,"minecraft:diamond_shovel":4,"minecraft:short_grass":1,"minecraft:iron_helmet":4,"minecraft:diamond_axe":5,"minecraft:coal":256,"minecraft:hopper":19,"minecraft:ender_pearl":5},"minecraft:killed":{"minecraft:spider":33,"minecraft:skeleton":39,"minecraft:chicken":6,"minecraft:skeleton_horse":2,"minecraft:piglin":7,"minecraft:zombie_villager":2,"minecraft:creeper":19,"minecraft:sheep":1,"minecraft:zombie":89,"minecraft:cow":7,"minecraft:drowned":1,"minecraft:hoglin":7,"minecraft:enderman":6},"minecraft:broken":{"minecraft:wooden_shovel":1,"minecraft:iron_boots":1,"minecraft:stone_pickaxe":4,"minecraft:golden_sword":1,"minecraft:wooden_sword":1,"minecraft:iron_sword":1,"minecraft:wooden_axe":2,"minecraft:wooden_pickaxe":1,"minecraft:iron_pickaxe":4,"minecraft:iron_helmet":1,"minecraft:wooden_hoe":1},"minecraft:used":{"minecraft:iron_shovel":185,"minecraft:diamond_hoe":250,"minecraft:poppy":2,"minecraft:ladder":5,"minecraft:chest":9,"minecraft:shield":116,"minecraft:iron_sword":293,"minecraft:quartz_stairs":63,"minecraft:rotten_flesh":25,"minecraft:carrot":57,"minecraft:beehive":1,"minecraft:obsidian":71,"minecraft:glass":84,"minecraft:lava_bucket":199,"minecraft:villager_spawn_egg":3,"minecraft:grass_block":1,"minecraft:quartz_block":674,"minecraft:golden_sword":13,"minecraft:oak_sapling":58,"minecraft:furnace":3,"minecraft:cooked_cod":3,"minecraft:egg":2,"minecraft:potato":39,"minecraft:diorite":38,"minecraft:diamond_boots":2,"minecraft:stone_pickaxe":526,"minecraft:oak_planks":541,"minecraft:blackstone":1,"minecraft:ender_pearl":12,"minecraft:wooden_pickaxe":59,"minecraft:composter":2,"minecraft:diamond_axe":990,"minecraft:sugar_cane":43,"minecraft:golden_apple":12,"minecraft:shears":3,"minecraft:bread":2,"minecraft:cat_spawn_egg":7,"minecraft:ocelot_spawn_egg":4,"minecraft:nether_wart_block":4,"minecraft:diamond_sword":408,"minecraft:wooden_sword":59,"minecraft:smithing_table":2,"minecraft:oak_boat":1,"minecraft:air":12,"minecraft:bone_meal":222,"minecraft:oak_trapdoor":1,"minecraft:oak_fence":86,"minecraft:trident":2,"minecraft:iron_bars":22,"minecraft:enchanting_table":1,"minecraft:stone_sword":126,"minecraft:flint_and_steel":13,"minecraft:carved_pumpkin":3,"minecraft:wooden_shovel":131,"minecraft:cooked_salmon":5,"minecraft:cooked_chicken":1,"minecraft:netherrack":166,"minecraft:oak_door":8,"minecraft:bee_spawn_egg":3,"minecraft:torch":53,"minecraft:dirt":1433,"minecraft:hopper":29,"minecraft:diamond_helmet":2,"minecraft:wooden_axe":112,"minecraft:bookshelf":44,"minecraft:iron_block":8,"minecraft:iron_axe":257,"minecraft:diamond_chestplate":2,"minecraft:wolf_spawn_egg":3,"minecraft:cooked_beef":7,"minecraft:cobbled_deepslate":26,"minecraft:zombified_piglin_spawn_egg":35,"minecraft:observer":10,"minecraft:wheat_seeds":237,"minecraft:cooked_mutton":1,"minecraft:water_bucket":19,"minecraft:glass_bottle":13,"minecraft:baked_potato":3,"minecraft:salmon":4,"minecraft:crafting_table":8,"minecraft:white_bed":4,"minecraft:oak_log":161,"minecraft:mud":8,"minecraft:piston":9,"minecraft:wooden_hoe":218,"minecraft:diamond_pickaxe":2137,"minecraft:oxeye_daisy":1,"minecraft:diamond_shovel":1522,"minecraft:pig_spawn_egg":12,"minecraft:iron_pickaxe":1015,"minecraft:fishing_rod":10,"minecraft:cobblestone":271,"minecraft:potion":13,"minecraft:cooked_porkchop":15,"minecraft:bucket":28,"minecraft:yellow_bed":3,"minecraft:dandelion":3,"minecraft:smooth_stone":1,"minecraft:diamond_leggings":3}},"DataVersion":3953}