{"stats":{"minecraft:killed":{"minecraft:spider":9,"minecraft:skeleton":12,"minecraft:chicken":1,"minecraft:drowned":1,"minecraft:skeleton_horse":2,"minecraft:piglin":1,"minecraft:zombie_villager":2,"minecraft:creeper":10,"minecraft:sheep":1,"minecraft:zombie":33,"minecraft:cow":5,"minecraft:enderman":1},"minecraft:picked_up":{"minecraft:wooden_axe":7,"minecraft:fishing_rod":6,"minecraft:crafting_table":5,"minecraft:iron_chestplate":4,"minecraft:wheat":20,"minecraft:azure_bluet":2,"minecraft:chicken":1,"minecraft:ladder":1,"minecraft:potion":1,"minecraft:raw_copper":12,"minecraft:string":32,"minecraft:wooden_sword":1,"minecraft:flint_and_steel":3,"minecraft:iron_leggings":2,"minecraft:smooth_stone":1,"minecraft:gold_nugget":40,"minecraft:cobbled_deepslate":346,"minecraft:bucket":4,"minecraft:beef":11,"minecraft:oak_boat":2,"minecraft:wooden_shovel":1,"minecraft:poppy":2,"minecraft:iron_pickaxe":3,"minecraft:sugar_cane":13,"minecraft:furnace":1,"minecraft:iron_boots":4,"minecraft:egg":22,"minecraft:stick":13,"minecraft:raw_iron":165,"minecraft:torch":17,"minecraft:diorite":467,"minecraft:carrot":17,"minecraft:trident":2,"minecraft:redstone":206,"minecraft:stone_sword":7,"minecraft:arrow":29,"minecraft:rotten_flesh":126,"minecraft:cooked_cod":4,"minecraft:shears":2,"minecraft:saddle":1,"minecraft:gold_ingot":5,"minecraft:obsidian":2,"minecraft:mutton":1,"minecraft:cod":3,"minecraft:white_wool":6,"minecraft:cobblestone":1628,"minecraft:oxeye_daisy":5,"minecraft:feather":5,"minecraft:salmon":5,"minecraft:andesite":10,"minecraft:leather":6,"minecraft:filled_map":3,"minecraft:flint":1,"minecraft:tuff":75,"minecraft:oak_log":52,"minecraft:gunpowder":15,"minecraft:wooden_hoe":8,"minecraft:lapis_lazuli":147,"minecraft:dirt":462,"minecraft:bone":27,"minecraft:apple":4,"minecraft:bow":1,"minecraft:wheat_seeds":86,"minecraft:raw_gold":41,"minecraft:stone_pickaxe":10,"minecraft:iron_ingot":14,"minecraft:cooked_chicken":4,"minecraft:glass_bottle":4,"minecraft:iron_sword":3,"minecraft:oak_planks":231,"minecraft:quartz":31,"minecraft:dandelion":10,"minecraft:gravel":8,"minecraft:spider_eye":7,"minecraft:diamond":230,"minecraft:iron_helmet":4,"minecraft:granite":340,"minecraft:oak_sapling":16,"minecraft:netherrack":24,"minecraft:coal":140,"minecraft:crimson_roots":3,"minecraft:ender_pearl":1},"minecraft:killed_by":{"minecraft:creeper":1,"minecraft:enderman":2,"minecraft:skeleton":3,"minecraft:zombie":4},"minecraft:mined":{"minecraft:diamond_ore":6,"minecraft:nether_gold_ore":10,"minecraft:tuff":33,"minecraft:deepslate_diamond_ore":60,"minecraft:granite":89,"minecraft:glow_lichen":1,"minecraft:ladder":3,"minecraft:grass_block":67,"minecraft:smooth_stone":1,"minecraft:redstone_ore":6,"minecraft:furnace":1,"minecraft:carrots":3,"minecraft:iron_ore":73,"minecraft:cobbled_deepslate":3,"minecraft:fire":3,"minecraft:andesite":5,"minecraft:deepslate_iron_ore":11,"minecraft:stone":631,"minecraft:deepslate_redstone_ore":7,"minecraft:crimson_nylium":2,"minecraft:crafting_table":3,"minecraft:short_grass":190,"minecraft:poppy":1,"minecraft:copper_ore":1,"minecraft:nether_quartz_ore":31,"minecraft:tall_grass":39,"minecraft:cobblestone":4,"minecraft:deepslate_gold_ore":10,"minecraft:lapis_ore":9,"minecraft:sugar_cane":7,"minecraft:diorite":125,"minecraft:wheat":15,"minecraft:coal_ore":71,"minecraft:oak_log":29,"minecraft:gravel":2,"minecraft:dirt":82,"minecraft:netherrack":23,"minecraft:gold_ore":1,"minecraft:deepslate":133,"minecraft:oak_leaves":133},"minecraft:broken":{"minecraft:wooden_shovel":1,"minecraft:wooden_pickaxe":1,"minecraft:stone_pickaxe":4,"minecraft:wooden_sword":1,"minecraft:iron_pickaxe":3,"minecraft:wooden_axe":2},"minecraft:custom":{"minecraft:mob_kills":81,"minecraft:animals_bred":11,"minecraft:interact_with_crafting_table":37,"minecraft:leave_game":5,"minecraft:time_since_death":35292,"minecraft:climb_one_cm":2826,"minecraft:sprint_one_cm":250992,"minecraft:walk_one_cm":704528,"minecraft:damage_blocked_by_shield":270,"minecraft:drop":9,"minecraft:talked_to_villager":10,"minecraft:play_time":234045,"minecraft:deaths":11,"minecraft:sneak_time":3026,"minecraft:walk_under_water_one_cm":18295,"minecraft:boat_one_cm":58179,"minecraft:jump":2600,"minecraft:interact_with_blast_furnace":1,"minecraft:walk_on_water_one_cm":20234,"minecraft:total_world_time":234045,"minecraft:interact_with_furnace":37,"minecraft:sleep_in_bed":3,"minecraft:time_since_rest":13492,"minecraft:damage_taken":3634,"minecraft:damage_absorbed":40,"minecraft:damage_dealt":13760,"minecraft:swim_one_cm":2631,"minecraft:fly_one_cm":832318,"minecraft:open_chest":43,"minecraft:crouch_one_cm":9714,"minecraft:fish_caught":5,"minecraft:fall_one_cm":43293,"minecraft:horse_one_cm":721033},"minecraft:dropped":{"minecraft:cobblestone":33,"minecraft:leather":1,"minecraft:saddle":1,"minecraft:diorite":74,"minecraft:gold_ingot":3,"minecraft:bone":2},"minecraft:used":{"minecraft:trident":2,"minecraft:stone_sword":126,"minecraft:flint_and_steel":11,"minecraft:poppy":1,"minecraft:ladder":4,"minecraft:chest":2,"minecraft:shield":6,"minecraft:iron_sword":130,"minecraft:wooden_shovel":131,"minecraft:cooked_salmon":2,"minecraft:cooked_chicken":1,"minecraft:rotten_flesh":17,"minecraft:netherrack":9,"minecraft:oak_door":2,"minecraft:bee_spawn_egg":2,"minecraft:torch":15,"minecraft:dirt":177,"minecraft:carrot":14,"minecraft:obsidian":70,"minecraft:wooden_axe":112,"minecraft:iron_axe":52,"minecraft:oak_sapling":15,"minecraft:furnace":2,"minecraft:cooked_cod":3,"minecraft:cobbled_deepslate":26,"minecraft:zombified_piglin_spawn_egg":7,"minecraft:wheat_seeds":40,"minecraft:cooked_mutton":1,"minecraft:water_bucket":4,"minecraft:diorite":24,"minecraft:stone_pickaxe":526,"minecraft:blackstone":1,"minecraft:ender_pearl":12,"minecraft:wooden_pickaxe":59,"minecraft:golden_apple":2,"minecraft:crafting_table":5,"minecraft:wooden_hoe":180,"minecraft:iron_pickaxe":794,"minecraft:fishing_rod":10,"minecraft:wooden_sword":59,"minecraft:cobblestone":43,"minecraft:potion":1,"minecraft:bucket":4,"minecraft:oak_boat":1,"minecraft:smooth_stone":1,"minecraft:bone_meal":59},"minecraft:crafted":{"minecraft:wooden_sword":1,"minecraft:oak_door":3,"minecraft:oak_planks":60,"minecraft:fishing_rod":1,"minecraft:cooked_chicken":1,"minecraft:furnace":1,"minecraft:bone_meal":21,"minecraft:cooked_mutton":1,"minecraft:flint_and_steel":1,"minecraft:iron_boots":1,"minecraft:iron_axe":1,"minecraft:stone_pickaxe":3,"minecraft:chest":2,"minecraft:cooked_cod":3,"minecraft:wooden_shovel":1,"minecraft:crafting_table":1,"minecraft:wooden_pickaxe":1,"minecraft:iron_helmet":1,"minecraft:iron_sword":1,"minecraft:cooked_salmon":2,"minecraft:bucket":1,"minecraft:air":0,"minecraft:oak_boat":1,"minecraft:iron_chestplate":1,"minecraft:wooden_hoe":1,"minecraft:shield":1,"minecraft:stick":32,"minecraft:compass":1,"minecraft:iron_ingot":84,"minecraft:iron_pickaxe":3,"minecraft:wooden_axe":2,"minecraft:stone_sword":1,"minecraft:iron_leggings":1,"minecraft:gold_ingot":2,"minecraft:torch":16,"minecraft:shears":1}},"DataVersion":3953}