{"stats":{"minecraft:killed":{"minecraft:spider":14,"minecraft:skeleton":27,"minecraft:chicken":4,"minecraft:drowned":1,"minecraft:skeleton_horse":2,"minecraft:piglin":6,"minecraft:zombie_villager":2,"minecraft:hoglin":4,"minecraft:creeper":13,"minecraft:sheep":1,"minecraft:zombie":54,"minecraft:cow":6,"minecraft:enderman":5},"minecraft:picked_up":{"minecraft:wooden_axe":7,"minecraft:fishing_rod":6,"minecraft:mud":8,"minecraft:iron_chestplate":4,"minecraft:crafting_table":6,"minecraft:wheat":55,"minecraft:azure_bluet":2,"minecraft:chicken":4,"minecraft:ladder":3,"minecraft:smithing_table":1,"minecraft:potion":5,"minecraft:golden_sword":1,"minecraft:cornflower":1,"minecraft:string":37,"minecraft:raw_copper":25,"minecraft:wooden_sword":1,"minecraft:flint_and_steel":3,"minecraft:iron_leggings":2,"minecraft:smooth_stone":1,"minecraft:gold_nugget":40,"minecraft:cobbled_deepslate":385,"minecraft:bucket":4,"minecraft:beef":13,"minecraft:oak_boat":2,"minecraft:iron_pickaxe":3,"minecraft:observer":2,"minecraft:wooden_shovel":1,"minecraft:poppy":3,"minecraft:sugar_cane":40,"minecraft:egg":48,"minecraft:iron_boots":4,"minecraft:furnace":1,"minecraft:stick":49,"minecraft:raw_iron":191,"minecraft:composter":1,"minecraft:oak_fence":2,"minecraft:torch":17,"minecraft:porkchop":15,"minecraft:diorite":481,"minecraft:trident":2,"minecraft:carrot":74,"minecraft:redstone":206,"minecraft:stone_sword":7,"minecraft:arrow":53,"minecraft:rotten_flesh":149,"minecraft:cooked_cod":4,"minecraft:shears":2,"minecraft:hay_block":19,"minecraft:iron_block":4,"minecraft:carved_pumpkin":2,"minecraft:saddle":1,"minecraft:gold_ingot":5,"minecraft:mutton":1,"minecraft:obsidian":2,"minecraft:cod":3,"minecraft:white_wool":6,"minecraft:cobblestone":1937,"minecraft:oxeye_daisy":5,"minecraft:feather":8,"minecraft:andesite":25,"minecraft:salmon":5,"minecraft:leather":10,"minecraft:nether_wart_block":1,"minecraft:potato":34,"minecraft:filled_map":3,"minecraft:flint":1,"minecraft:tuff":79,"minecraft:oak_log":77,"minecraft:yellow_bed":1,"minecraft:gunpowder":17,"minecraft:lapis_lazuli":147,"minecraft:wooden_hoe":8,"minecraft:dirt":678,"minecraft:glass":1,"minecraft:bone":45,"minecraft:apple":7,"minecraft:bow":4,"minecraft:wheat_seeds":187,"minecraft:raw_gold":41,"minecraft:iron_ingot":14,"minecraft:stone_pickaxe":10,"minecraft:cooked_chicken":4,"minecraft:glass_bottle":4,"minecraft:iron_sword":3,"minecraft:honeycomb":6,"minecraft:oak_planks":231,"minecraft:quartz":146,"minecraft:dandelion":17,"minecraft:gravel":8,"minecraft:sand":46,"minecraft:white_bed":4,"minecraft:grass_block":2,"minecraft:spider_eye":7,"minecraft:diamond":230,"minecraft:short_grass":1,"minecraft:iron_helmet":4,"minecraft:granite":340,"minecraft:oak_sapling":23,"minecraft:netherrack":97,"minecraft:coal":169,"minecraft:crimson_roots":7,"minecraft:hopper":19,"minecraft:ender_pearl":3},"minecraft:killed_by":{"minecraft:creeper":1,"minecraft:enderman":2,"minecraft:skeleton":3,"minecraft:zombie":4},"minecraft:mined":{"minecraft:nether_gold_ore":10,"minecraft:diamond_ore":6,"minecraft:tuff":37,"minecraft:white_bed":4,"minecraft:deepslate_diamond_ore":60,"minecraft:carved_pumpkin":2,"minecraft:glow_lichen":1,"minecraft:granite":89,"minecraft:ladder":5,"minecraft:grass_block":196,"minecraft:crimson_roots":1,"minecraft:composter":1,"minecraft:hopper":19,"minecraft:hay_block":19,"minecraft:smooth_stone":1,"minecraft:redstone_ore":6,"minecraft:carrots":27,"minecraft:furnace":1,"minecraft:fire":3,"minecraft:iron_ore":99,"minecraft:cobbled_deepslate":3,"minecraft:andesite":21,"minecraft:potatoes":17,"minecraft:deepslate_iron_ore":11,"minecraft:iron_block":4,"minecraft:stone":862,"minecraft:smithing_table":1,"minecraft:deepslate_redstone_ore":7,"minecraft:crimson_nylium":13,"minecraft:observer":2,"minecraft:dandelion":4,"minecraft:oak_fence":2,"minecraft:crafting_table":4,"minecraft:cornflower":1,"minecraft:short_grass":237,"minecraft:poppy":2,"minecraft:cobblestone":23,"minecraft:copper_ore":5,"minecraft:nether_quartz_ore":147,"minecraft:glass":5,"minecraft:tall_grass":39,"minecraft:deepslate_gold_ore":10,"minecraft:lapis_ore":9,"minecraft:sugar_cane":19,"minecraft:diorite":139,"minecraft:nether_wart_block":1,"minecraft:mud":8,"minecraft:wheat":49,"minecraft:yellow_bed":1,"minecraft:oak_log":54,"minecraft:coal_ore":100,"minecraft:gravel":2,"minecraft:sand":46,"minecraft:dirt":156,"minecraft:netherrack":86,"minecraft:gold_ore":1,"minecraft:oak_leaves":290,"minecraft:deepslate":172},"minecraft:broken":{"minecraft:wooden_shovel":1,"minecraft:wooden_pickaxe":1,"minecraft:stone_pickaxe":4,"minecraft:golden_sword":1,"minecraft:wooden_sword":1,"minecraft:iron_sword":1,"minecraft:iron_pickaxe":4,"minecraft:wooden_axe":2,"minecraft:wooden_hoe":1},"minecraft:custom":{"minecraft:interact_with_smithing_table":2,"minecraft:mob_kills":142,"minecraft:animals_bred":16,"minecraft:inspect_hopper":15,"minecraft:interact_with_crafting_table":87,"minecraft:leave_game":13,"minecraft:time_since_death":205383,"minecraft:climb_one_cm":3586,"minecraft:sprint_one_cm":419573,"minecraft:walk_one_cm":1366001,"minecraft:damage_blocked_by_shield":2860,"minecraft:drop":23,"minecraft:talked_to_villager":50,"minecraft:play_time":404136,"minecraft:deaths":11,"minecraft:sneak_time":4989,"minecraft:walk_under_water_one_cm":35060,"minecraft:boat_one_cm":58179,"minecraft:jump":4049,"minecraft:interact_with_blast_furnace":1,"minecraft:walk_on_water_one_cm":40286,"minecraft:total_world_time":404136,"minecraft:interact_with_furnace":57,"minecraft:traded_with_villager":1,"minecraft:sleep_in_bed":7,"minecraft:time_since_rest":33374,"minecraft:damage_taken":5411,"minecraft:damage_absorbed":113,"minecraft:damage_dealt":27091,"minecraft:swim_one_cm":2631,"minecraft:fly_one_cm":1053157,"minecraft:open_chest":220,"minecraft:crouch_one_cm":15086,"minecraft:fish_caught":5,"minecraft:fall_one_cm":63100,"minecraft:horse_one_cm":1003401},"minecraft:dropped":{"minecraft:wheat_seeds":8,"minecraft:cobblestone":93,"minecraft:leather":1,"minecraft:saddle":1,"minecraft:golden_apple":1,"minecraft:stick":30,"minecraft:dirt":1,"minecraft:diorite":74,"minecraft:gold_ingot":3,"minecraft:dandelion":3,"minecraft:bone":2,"minecraft:rotten_flesh":2,"minecraft:arrow":8,"minecraft:glass":1,"minecraft:bread":3},"minecraft:used":{"minecraft:stone_sword":126,"minecraft:iron_shovel":185,"minecraft:flint_and_steel":11,"minecraft:carved_pumpkin":3,"minecraft:ladder":5,"minecraft:poppy":2,"minecraft:diamond_hoe":99,"minecraft:chest":7,"minecraft:shield":74,"minecraft:iron_sword":293,"minecraft:cooked_chicken":1,"minecraft:cooked_salmon":2,"minecraft:wooden_shovel":131,"minecraft:rotten_flesh":20,"minecraft:netherrack":17,"minecraft:oak_door":3,"minecraft:bee_spawn_egg":2,"minecraft:torch":22,"minecraft:dirt":397,"minecraft:hopper":29,"minecraft:carrot":47,"minecraft:beehive":1,"minecraft:obsidian":70,"minecraft:glass":29,"minecraft:wooden_axe":112,"minecraft:villager_spawn_egg":3,"minecraft:iron_block":8,"minecraft:iron_axe":257,"minecraft:grass_block":1,"minecraft:quartz_block":7,"minecraft:golden_sword":13,"minecraft:furnace":2,"minecraft:oak_sapling":15,"minecraft:cooked_cod":3,"minecraft:egg":2,"minecraft:cooked_beef":7,"minecraft:potato":39,"minecraft:zombified_piglin_spawn_egg":7,"minecraft:cobbled_deepslate":26,"minecraft:observer":10,"minecraft:cooked_mutton":1,"minecraft:wheat_seeds":84,"minecraft:water_bucket":19,"minecraft:diorite":38,"minecraft:glass_bottle":13,"minecraft:stone_pickaxe":526,"minecraft:oak_planks":4,"minecraft:blackstone":1,"minecraft:ender_pearl":12,"minecraft:wooden_pickaxe":59,"minecraft:composter":2,"minecraft:sugar_cane":43,"minecraft:golden_apple":5,"minecraft:crafting_table":7,"minecraft:white_bed":4,"minecraft:shears":3,"minecraft:mud":8,"minecraft:piston":9,"minecraft:wooden_hoe":218,"minecraft:diamond_pickaxe":407,"minecraft:bread":2,"minecraft:iron_pickaxe":1015,"minecraft:fishing_rod":10,"minecraft:diamond_sword":104,"minecraft:wooden_sword":59,"minecraft:potion":13,"minecraft:cobblestone":152,"minecraft:cooked_porkchop":3,"minecraft:smithing_table":2,"minecraft:bucket":19,"minecraft:trident":2,"minecraft:yellow_bed":1,"minecraft:air":12,"minecraft:oak_boat":1,"minecraft:oak_fence":5,"minecraft:bone_meal":89,"minecraft:dandelion":1,"minecraft:smooth_stone":1,"minecraft:oak_trapdoor":1},"minecraft:crafted":{"minecraft:wooden_sword":1,"minecraft:oak_door":3,"minecraft:oak_planks":228,"minecraft:fishing_rod":1,"minecraft:beehive":1,"minecraft:diamond_hoe":1,"minecraft:cooked_chicken":4,"minecraft:furnace":1,"minecraft:piston":8,"minecraft:bone_meal":93,"minecraft:cooked_mutton":1,"minecraft:flint_and_steel":1,"minecraft:oak_trapdoor":2,"minecraft:quartz_block":7,"minecraft:glass":46,"minecraft:hopper":6,"minecraft:diamond_leggings":1,"minecraft:iron_boots":1,"minecraft:iron_axe":2,"minecraft:stone_pickaxe":3,"minecraft:chest":13,"minecraft:oak_fence":3,"minecraft:observer":8,"minecraft:cooked_beef":13,"minecraft:glass_bottle":9,"minecraft:cooked_cod":3,"minecraft:oak_slab":30,"minecraft:wooden_shovel":1,"minecraft:diamond_sword":1,"minecraft:emerald":1,"minecraft:cooked_porkchop":3,"minecraft:baked_potato":5,"minecraft:crafting_table":2,"minecraft:wooden_pickaxe":1,"minecraft:iron_helmet":1,"minecraft:iron_sword":1,"minecraft:smithing_table":1,"minecraft:cooked_salmon":2,"minecraft:bucket":1,"minecraft:air":0,"minecraft:oak_boat":1,"minecraft:golden_apple":1,"minecraft:book":1,"minecraft:iron_chestplate":1,"minecraft:wooden_hoe":1,"minecraft:paper":3,"minecraft:diamond_pickaxe":4,"minecraft:shield":2,"minecraft:stick":68,"minecraft:iron_ingot":119,"minecraft:compass":1,"minecraft:iron_pickaxe":3,"minecraft:wooden_axe":2,"minecraft:stone_sword":1,"minecraft:gold_ingot":16,"minecraft:iron_shovel":1,"minecraft:iron_leggings":1,"minecraft:composter":4,"minecraft:torch":16,"minecraft:shears":1}},"DataVersion":3953}