{"stats":{"minecraft:custom":{"minecraft:interact_with_furnace":15,"minecraft:mob_kills":38,"minecraft:animals_bred":6,"minecraft:interact_with_crafting_table":21,"minecraft:leave_game":2,"minecraft:time_since_death":1419,"minecraft:sleep_in_bed":1,"minecraft:climb_one_cm":2349,"minecraft:time_since_rest":1443,"minecraft:sprint_one_cm":200022,"minecraft:damage_taken":2093,"minecraft:walk_one_cm":359789,"minecraft:drop":1,"minecraft:damage_dealt":6622,"minecraft:fly_one_cm":381624,"minecraft:open_chest":13,"minecraft:crouch_one_cm":7753,"minecraft:play_time":100542,"minecraft:deaths":7,"minecraft:sneak_time":1697,"minecraft:walk_under_water_one_cm":5182,"minecraft:jump":1673,"minecraft:walk_on_water_one_cm":13047,"minecraft:total_world_time":100542,"minecraft:fish_caught":5,"minecraft:fall_one_cm":29698},"minecraft:killed":{"minecraft:zombie_villager":1,"minecraft:spider":5,"minecraft:creeper":4,"minecraft:skeleton":4,"minecraft:sheep":1,"minecraft:zombie":20,"minecraft:chicken":1},"minecraft:crafted":{"minecraft:wooden_sword":1,"minecraft:cooked_cod":3,"minecraft:oak_planks":60,"minecraft:wooden_shovel":1,"minecraft:fishing_rod":1,"minecraft:crafting_table":1,"minecraft:wooden_pickaxe":1,"minecraft:cooked_chicken":1,"minecraft:furnace":1,"minecraft:cooked_salmon":2,"minecraft:bone_meal":3,"minecraft:bucket":1,"minecraft:cooked_mutton":1,"minecraft:air":0,"minecraft:wooden_hoe":1,"minecraft:stick":24,"minecraft:iron_ingot":7,"minecraft:stone_pickaxe":3,"minecraft:wooden_axe":2,"minecraft:stone_sword":1,"minecraft:chest":1,"minecraft:torch":16,"minecraft:shears":1},"minecraft:used":{"minecraft:cooked_mutton":1,"minecraft:wheat_seeds":40,"minecraft:stone_sword":114,"minecraft:stone_pickaxe":401,"minecraft:ladder":4,"minecraft:poppy":1,"minecraft:chest":1,"minecraft:wooden_pickaxe":59,"minecraft:wooden_shovel":131,"minecraft:cooked_salmon":2,"minecraft:cooked_chicken":1,"minecraft:rotten_flesh":10,"minecraft:torch":15,"minecraft:dirt":139,"minecraft:crafting_table":3,"minecraft:wooden_axe":112,"minecraft:wooden_hoe":163,"minecraft:wooden_sword":59,"minecraft:fishing_rod":10,"minecraft:cobblestone":40,"minecraft:potion":1,"minecraft:furnace":2,"minecraft:oak_sapling":8,"minecraft:cooked_cod":3,"minecraft:bone_meal":3},"minecraft:dropped":{"minecraft:bone":2},"minecraft:killed_by":{"minecraft:skeleton":3,"minecraft:zombie":3,"minecraft:enderman":1},"minecraft:mined":{"minecraft:glow_lichen":1,"minecraft:crafting_table":1,"minecraft:ladder":3,"minecraft:short_grass":170,"minecraft:grass_block":61,"minecraft:poppy":1,"minecraft:tall_grass":38,"minecraft:cobblestone":4,"minecraft:lapis_ore":4,"minecraft:furnace":1,"minecraft:iron_ore":26,"minecraft:wheat":15,"minecraft:oak_log":25,"minecraft:coal_ore":46,"minecraft:dirt":50,"minecraft:stone":376,"minecraft:oak_leaves":87},"minecraft:picked_up":{"minecraft:wooden_axe":7,"minecraft:fishing_rod":5,"minecraft:feather":5,"minecraft:crafting_table":3,"minecraft:wheat":18,"minecraft:azure_bluet":2,"minecraft:chicken":1,"minecraft:ladder":1,"minecraft:salmon":5,"minecraft:potion":1,"minecraft:oak_log":44,"minecraft:gunpowder":8,"minecraft:dirt":308,"minecraft:lapis_lazuli":29,"minecraft:wooden_hoe":7,"minecraft:string":22,"minecraft:wooden_sword":1,"minecraft:bone":6,"minecraft:apple":3,"minecraft:wheat_seeds":84,"minecraft:bucket":4,"minecraft:stone_pickaxe":10,"minecraft:iron_ingot":7,"minecraft:cooked_chicken":4,"minecraft:poppy":2,"minecraft:wooden_shovel":1,"minecraft:glass_bottle":4,"minecraft:oak_planks":195,"minecraft:furnace":1,"minecraft:egg":17,"minecraft:stick":8,"minecraft:raw_iron":45,"minecraft:torch":11,"minecraft:dandelion":10,"minecraft:spider_eye":6,"minecraft:stone_sword":7,"minecraft:arrow":15,"minecraft:rotten_flesh":51,"minecraft:cooked_cod":4,"minecraft:shears":1,"minecraft:oak_sapling":12,"minecraft:mutton":1,"minecraft:coal":64,"minecraft:cod":3,"minecraft:white_wool":6,"minecraft:cobblestone":1054,"minecraft:oxeye_daisy":5},"minecraft:broken":{"minecraft:stone_pickaxe":3,"minecraft:wooden_shovel":1,"minecraft:wooden_sword":1,"minecraft:wooden_axe":2,"minecraft:wooden_pickaxe":1}},"DataVersion":3953}