{"stats":{"minecraft:killed_by":{"minecraft:skeleton":1,"minecraft:enderman":1},"minecraft:dropped":{"minecraft:bone":2},"minecraft:mined":{"minecraft:crafting_table":1,"minecraft:short_grass":164,"minecraft:grass_block":61,"minecraft:poppy":1,"minecraft:cobblestone":1,"minecraft:tall_grass":38,"minecraft:lapis_ore":4,"minecraft:furnace":1,"minecraft:wheat":3,"minecraft:coal_ore":22,"minecraft:oak_log":20,"minecraft:dirt":32,"minecraft:stone":292,"minecraft:oak_leaves":51},"minecraft:crafted":{"minecraft:wooden_sword":1,"minecraft:cooked_cod":1,"minecraft:oak_planks":60,"minecraft:wooden_shovel":1,"minecraft:fishing_rod":1,"minecraft:crafting_table":1,"minecraft:wooden_pickaxe":1,"minecraft:furnace":1,"minecraft:cooked_salmon":1,"minecraft:bone_meal":3,"minecraft:cooked_mutton":1,"minecraft:air":0,"minecraft:wooden_hoe":1,"minecraft:stick":24,"minecraft:stone_pickaxe":2,"minecraft:wooden_axe":2,"minecraft:stone_sword":1,"minecraft:chest":1,"minecraft:torch":16},"minecraft:custom":{"minecraft:interact_with_furnace":6,"minecraft:mob_kills":25,"minecraft:animals_bred":2,"minecraft:interact_with_crafting_table":17,"minecraft:leave_game":1,"minecraft:sleep_in_bed":1,"minecraft:time_since_death":11639,"minecraft:time_since_rest":11667,"minecraft:sprint_one_cm":123050,"minecraft:damage_taken":768,"minecraft:walk_one_cm":238679,"minecraft:drop":1,"minecraft:damage_dealt":4432,"minecraft:fly_one_cm":240690,"minecraft:open_chest":5,"minecraft:crouch_one_cm":5799,"minecraft:play_time":63865,"minecraft:deaths":2,"minecraft:sneak_time":1130,"minecraft:walk_under_water_one_cm":3128,"minecraft:jump":1059,"minecraft:walk_on_water_one_cm":10292,"minecraft:total_world_time":63865,"minecraft:fish_caught":5,"minecraft:fall_one_cm":17846},"minecraft:picked_up":{"minecraft:wooden_axe":3,"minecraft:crafting_table":1,"minecraft:azure_bluet":2,"minecraft:salmon":2,"minecraft:potion":1,"minecraft:oak_log":15,"minecraft:gunpowder":4,"minecraft:wooden_hoe":2,"minecraft:lapis_lazuli":29,"minecraft:dirt":131,"minecraft:string":10,"minecraft:wooden_sword":1,"minecraft:bone":6,"minecraft:apple":2,"minecraft:wheat_seeds":36,"minecraft:stone_pickaxe":2,"minecraft:wooden_shovel":1,"minecraft:poppy":2,"minecraft:oak_planks":16,"minecraft:furnace":1,"minecraft:egg":5,"minecraft:stick":4,"minecraft:torch":5,"minecraft:dandelion":6,"minecraft:spider_eye":2,"minecraft:stone_sword":2,"minecraft:arrow":3,"minecraft:rotten_flesh":10,"minecraft:oak_sapling":7,"minecraft:cod":3,"minecraft:mutton":1,"minecraft:coal":40,"minecraft:white_wool":2,"minecraft:cobblestone":498,"minecraft:oxeye_daisy":1},"minecraft:killed":{"minecraft:zombie_villager":1,"minecraft:spider":5,"minecraft:creeper":4,"minecraft:sheep":1,"minecraft:skeleton":2,"minecraft:zombie":11},"minecraft:broken":{"minecraft:stone_pickaxe":2,"minecraft:wooden_shovel":1,"minecraft:wooden_sword":1,"minecraft:wooden_axe":1,"minecraft:wooden_pickaxe":1},"minecraft:used":{"minecraft:wheat_seeds":28,"minecraft:cooked_mutton":1,"minecraft:stone_sword":53,"minecraft:stone_pickaxe":262,"minecraft:poppy":1,"minecraft:chest":1,"minecraft:wooden_pickaxe":59,"minecraft:wooden_shovel":131,"minecraft:cooked_salmon":1,"minecraft:rotten_flesh":8,"minecraft:torch":12,"minecraft:dirt":78,"minecraft:crafting_table":2,"minecraft:wooden_axe":74,"minecraft:wooden_hoe":151,"minecraft:fishing_rod":9,"minecraft:wooden_sword":59,"minecraft:cobblestone":40,"minecraft:potion":1,"minecraft:furnace":2,"minecraft:oak_sapling":6,"minecraft:cooked_cod":1,"minecraft:bone_meal":3}},"DataVersion":3953}