{"stats":{"minecraft:killed":{"minecraft:spider":22,"minecraft:skeleton":36,"minecraft:chicken":4,"minecraft:skeleton_horse":2,"minecraft:piglin":6,"minecraft:zombie_villager":2,"minecraft:creeper":15,"minecraft:sheep":1,"minecraft:zombie":74,"minecraft:cow":6,"minecraft:drowned":1,"minecraft:hoglin":7,"minecraft:enderman":5},"minecraft:picked_up":{"minecraft:wooden_axe":7,"minecraft:iron_chestplate":6,"minecraft:wheat":80,"minecraft:smithing_table":1,"minecraft:diamond_sword":2,"minecraft:potion":5,"minecraft:golden_sword":1,"minecraft:string":44,"minecraft:raw_copper":25,"minecraft:iron_leggings":2,"minecraft:diamond_leggings":3,"minecraft:cobbled_deepslate":385,"minecraft:gold_nugget":144,"minecraft:smooth_stone":1,"minecraft:bucket":4,"minecraft:wooden_shovel":1,"minecraft:iron_pickaxe":3,"minecraft:iron_boots":4,"minecraft:furnace":1,"minecraft:stick":84,"minecraft:composter":1,"minecraft:oak_fence":2,"minecraft:torch":17,"minecraft:porkchop":39,"minecraft:diorite":481,"minecraft:quartz_block":65,"minecraft:stone_sword":7,"minecraft:rotten_flesh":173,"minecraft:iron_block":4,"minecraft:carved_pumpkin":2,"minecraft:obsidian":3,"minecraft:cod":3,"minecraft:cobblestone":1937,"minecraft:magma_block":19,"minecraft:feather":8,"minecraft:andesite":25,"minecraft:potato":95,"minecraft:flint":1,"minecraft:tuff":79,"minecraft:dirt":1336,"minecraft:lapis_lazuli":147,"minecraft:glass":1,"minecraft:bone":57,"minecraft:bow":4,"minecraft:wheat_seeds":314,"minecraft:raw_gold":41,"minecraft:diamond_helmet":1,"minecraft:oak_planks":241,"minecraft:honeycomb":6,"minecraft:pig_spawn_egg":1,"minecraft:sand":46,"minecraft:grass_block":2,"minecraft:diamond":230,"minecraft:granite":340,"minecraft:golden_apple":17,"minecraft:oak_sapling":80,"minecraft:netherrack":802,"minecraft:diamond_pickaxe":5,"minecraft:crimson_roots":16,"minecraft:fishing_rod":6,"minecraft:mud":8,"minecraft:crafting_table":6,"minecraft:azure_bluet":2,"minecraft:chicken":4,"minecraft:ladder":3,"minecraft:shield":1,"minecraft:cornflower":1,"minecraft:wooden_sword":1,"minecraft:flint_and_steel":3,"minecraft:blackstone":8,"minecraft:beef":13,"minecraft:oak_boat":2,"minecraft:observer":2,"minecraft:poppy":3,"minecraft:sugar_cane":40,"minecraft:quartz_stairs":20,"minecraft:diamond_hoe":1,"minecraft:egg":48,"minecraft:raw_iron":191,"minecraft:trident":2,"minecraft:carrot":123,"minecraft:redstone":206,"minecraft:arrow":74,"minecraft:diamond_chestplate":1,"minecraft:cooked_cod":4,"minecraft:shears":2,"minecraft:diamond_boots":1,"minecraft:hay_block":19,"minecraft:saddle":1,"minecraft:gold_ingot":5,"minecraft:mutton":1,"minecraft:white_wool":6,"minecraft:oxeye_daisy":5,"minecraft:crimson_stem":2,"minecraft:salmon":5,"minecraft:leather":16,"minecraft:filled_map":3,"minecraft:oak_log":230,"minecraft:ancient_debris":21,"minecraft:yellow_bed":3,"minecraft:nether_wart_block":17,"minecraft:gunpowder":21,"minecraft:wooden_hoe":8,"minecraft:apple":14,"minecraft:iron_ingot":14,"minecraft:stone_pickaxe":10,"minecraft:cooked_chicken":4,"minecraft:glass_bottle":4,"minecraft:iron_sword":3,"minecraft:quartz":426,"minecraft:dandelion":17,"minecraft:gravel":10,"minecraft:white_bed":4,"minecraft:spider_eye":10,"minecraft:diamond_shovel":1,"minecraft:short_grass":1,"minecraft:iron_helmet":4,"minecraft:diamond_axe":1,"minecraft:coal":169,"minecraft:hopper":19,"minecraft:ender_pearl":3},"minecraft:killed_by":{"minecraft:creeper":1,"minecraft:zombie":5,"minecraft:enderman":2,"minecraft:skeleton":3},"minecraft:mined":{"minecraft:white_bed":4,"minecraft:obsidian":1,"minecraft:carved_pumpkin":2,"minecraft:granite":89,"minecraft:grass_block":701,"minecraft:composter":1,"minecraft:hopper":19,"minecraft:smooth_stone":1,"minecraft:magma_block":19,"minecraft:iron_ore":99,"minecraft:cobbled_deepslate":3,"minecraft:fire":3,"minecraft:iron_block":4,"minecraft:deepslate_redstone_ore":7,"minecraft:quartz_block":63,"minecraft:blackstone":8,"minecraft:crimson_nylium":22,"minecraft:poppy":2,"minecraft:nether_quartz_ore":364,"minecraft:glass":5,"minecraft:cobblestone":23,"minecraft:oak_planks":10,"minecraft:sugar_cane":19,"minecraft:mud":8,"minecraft:nether_wart_block":9,"minecraft:wheat":74,"minecraft:oak_log":207,"minecraft:sand":46,"minecraft:dirt":163,"minecraft:ancient_debris":16,"minecraft:netherrack":815,"minecraft:oak_leaves":696,"minecraft:deepslate":172,"minecraft:nether_gold_ore":20,"minecraft:diamond_ore":6,"minecraft:tuff":37,"minecraft:quartz_stairs":20,"minecraft:deepslate_diamond_ore":60,"minecraft:glow_lichen":1,"minecraft:ladder":5,"minecraft:crimson_roots":2,"minecraft:weeping_vines":1,"minecraft:crimson_stem":2,"minecraft:hay_block":19,"minecraft:redstone_ore":6,"minecraft:furnace":1,"minecraft:carrots":40,"minecraft:andesite":21,"minecraft:potatoes":33,"minecraft:deepslate_iron_ore":11,"minecraft:stone":862,"minecraft:smithing_table":1,"minecraft:observer":2,"minecraft:dandelion":4,"minecraft:oak_fence":2,"minecraft:crafting_table":4,"minecraft:cornflower":1,"minecraft:short_grass":344,"minecraft:copper_ore":5,"minecraft:tall_grass":58,"minecraft:lapis_ore":9,"minecraft:deepslate_gold_ore":10,"minecraft:diorite":139,"minecraft:yellow_bed":3,"minecraft:coal_ore":100,"minecraft:gravel":3,"minecraft:gold_ore":1},"minecraft:broken":{"minecraft:wooden_shovel":1,"minecraft:iron_boots":1,"minecraft:stone_pickaxe":4,"minecraft:golden_sword":1,"minecraft:wooden_sword":1,"minecraft:iron_sword":1,"minecraft:wooden_axe":2,"minecraft:wooden_pickaxe":1,"minecraft:iron_pickaxe":4,"minecraft:iron_helmet":1,"minecraft:wooden_hoe":1},"minecraft:custom":{"minecraft:animals_bred":16,"minecraft:interact_with_crafting_table":94,"minecraft:leave_game":16,"minecraft:time_since_death":26197,"minecraft:sprint_one_cm":631619,"minecraft:damage_blocked_by_shield":3625,"minecraft:drop":26,"minecraft:talked_to_villager":54,"minecraft:play_time":532767,"minecraft:deaths":15,"minecraft:jump":5242,"minecraft:walk_on_water_one_cm":41425,"minecraft:enchant_item":1,"minecraft:interact_with_furnace":61,"minecraft:traded_with_villager":1,"minecraft:sleep_in_bed":11,"minecraft:damage_dealt":35756,"minecraft:crouch_one_cm":34847,"minecraft:horse_one_cm":1003401,"minecraft:interact_with_smithing_table":2,"minecraft:mob_kills":184,"minecraft:inspect_hopper":15,"minecraft:climb_one_cm":3586,"minecraft:walk_one_cm":1947191,"minecraft:sneak_time":9704,"minecraft:walk_under_water_one_cm":35356,"minecraft:boat_one_cm":58179,"minecraft:interact_with_blast_furnace":1,"minecraft:total_world_time":532767,"minecraft:time_since_rest":12265,"minecraft:damage_taken":7704,"minecraft:damage_absorbed":176,"minecraft:swim_one_cm":2631,"minecraft:fly_one_cm":1312546,"minecraft:open_chest":275,"minecraft:fish_caught":5,"minecraft:fall_one_cm":86679},"minecraft:dropped":{"minecraft:leather":1,"minecraft:saddle":1,"minecraft:dirt":1,"minecraft:gold_ingot":3,"minecraft:bone":2,"minecraft:pig_spawn_egg":2,"minecraft:rotten_flesh":2,"minecraft:arrow":8,"minecraft:glass":1,"minecraft:bread":3,"minecraft:wheat_seeds":8,"minecraft:cobblestone":93,"minecraft:golden_apple":1,"minecraft:stick":30,"minecraft:diorite":74,"minecraft:dandelion":3,"minecraft:diamond_sword":1},"minecraft:used":{"minecraft:iron_shovel":185,"minecraft:diamond_hoe":153,"minecraft:poppy":2,"minecraft:ladder":5,"minecraft:chest":7,"minecraft:shield":104,"minecraft:iron_sword":293,"minecraft:quartz_stairs":34,"minecraft:rotten_flesh":22,"minecraft:carrot":47,"minecraft:beehive":1,"minecraft:obsidian":71,"minecraft:glass":29,"minecraft:villager_spawn_egg":3,"minecraft:grass_block":1,"minecraft:quartz_block":264,"minecraft:golden_sword":13,"minecraft:oak_sapling":39,"minecraft:furnace":2,"minecraft:cooked_cod":3,"minecraft:egg":2,"minecraft:potato":39,"minecraft:diorite":38,"minecraft:diamond_boots":2,"minecraft:stone_pickaxe":526,"minecraft:oak_planks":95,"minecraft:blackstone":1,"minecraft:ender_pearl":12,"minecraft:wooden_pickaxe":59,"minecraft:composter":2,"minecraft:diamond_axe":573,"minecraft:sugar_cane":43,"minecraft:golden_apple":7,"minecraft:shears":3,"minecraft:bread":2,"minecraft:nether_wart_block":4,"minecraft:diamond_sword":282,"minecraft:wooden_sword":59,"minecraft:smithing_table":2,"minecraft:oak_boat":1,"minecraft:air":12,"minecraft:bone_meal":158,"minecraft:oak_trapdoor":1,"minecraft:oak_fence":5,"minecraft:trident":2,"minecraft:enchanting_table":1,"minecraft:stone_sword":126,"minecraft:flint_and_steel":12,"minecraft:carved_pumpkin":3,"minecraft:wooden_shovel":131,"minecraft:cooked_salmon":2,"minecraft:cooked_chicken":1,"minecraft:netherrack":77,"minecraft:oak_door":3,"minecraft:bee_spawn_egg":3,"minecraft:torch":38,"minecraft:dirt":900,"minecraft:hopper":29,"minecraft:diamond_helmet":2,"minecraft:wooden_axe":112,"minecraft:iron_block":8,"minecraft:iron_axe":257,"minecraft:diamond_chestplate":1,"minecraft:cooked_beef":7,"minecraft:cobbled_deepslate":26,"minecraft:zombified_piglin_spawn_egg":34,"minecraft:observer":10,"minecraft:wheat_seeds":140,"minecraft:cooked_mutton":1,"minecraft:water_bucket":19,"minecraft:glass_bottle":13,"minecraft:baked_potato":3,"minecraft:crafting_table":8,"minecraft:white_bed":4,"minecraft:oak_log":134,"minecraft:mud":8,"minecraft:piston":9,"minecraft:wooden_hoe":218,"minecraft:diamond_pickaxe":1504,"minecraft:diamond_shovel":514,"minecraft:pig_spawn_egg":9,"minecraft:iron_pickaxe":1015,"minecraft:fishing_rod":10,"minecraft:cobblestone":152,"minecraft:potion":13,"minecraft:cooked_porkchop":15,"minecraft:bucket":19,"minecraft:yellow_bed":3,"minecraft:dandelion":1,"minecraft:smooth_stone":1,"minecraft:diamond_leggings":3},"minecraft:crafted":{"minecraft:oak_planks":304,"minecraft:cooked_chicken":4,"minecraft:cooked_mutton":1,"minecraft:quartz_block":223,"minecraft:glass":46,"minecraft:hopper":6,"minecraft:iron_boots":1,"minecraft:diamond_leggings":1,"minecraft:chest":13,"minecraft:oak_fence":3,"minecraft:glass_bottle":9,"minecraft:quartz_stairs":16,"minecraft:oak_slab":30,"minecraft:wooden_shovel":1,"minecraft:emerald":1,"minecraft:cooked_porkchop":15,"minecraft:crafting_table":3,"minecraft:wooden_pickaxe":1,"minecraft:baked_potato":5,"minecraft:iron_helmet":1,"minecraft:smithing_table":1,"minecraft:wooden_hoe":1,"minecraft:iron_chestplate":1,"minecraft:book":1,"minecraft:paper":3,"minecraft:diamond_pickaxe":4,"minecraft:shield":3,"minecraft:stick":68,"minecraft:iron_ingot":119,"minecraft:compass":1,"minecraft:iron_pickaxe":3,"minecraft:stone_sword":1,"minecraft:gold_ingot":16,"minecraft:composter":4,"minecraft:shears":1,"minecraft:wooden_sword":1,"minecraft:oak_door":3,"minecraft:fishing_rod":1,"minecraft:beehive":1,"minecraft:diamond_hoe":2,"minecraft:furnace":1,"minecraft:piston":8,"minecraft:bone_meal":120,"minecraft:oak_trapdoor":2,"minecraft:flint_and_steel":1,"minecraft:iron_axe":2,"minecraft:stone_pickaxe":3,"minecraft:observer":8,"minecraft:cooked_beef":13,"minecraft:cooked_cod":3,"minecraft:diamond_sword":1,"minecraft:enchanting_table":1,"minecraft:iron_sword":1,"minecraft:cooked_salmon":2,"minecraft:bucket":1,"minecraft:air":0,"minecraft:oak_boat":1,"minecraft:golden_apple":1,"minecraft:wooden_axe":2,"minecraft:iron_shovel":1,"minecraft:iron_leggings":1,"minecraft:torch":44}},"DataVersion":3953}