{"stats":{"minecraft:killed_by":{"minecraft:enderman":1},"minecraft:mined":{"minecraft:wheat":1,"minecraft:crafting_table":1,"minecraft:short_grass":160,"minecraft:grass_block":58,"minecraft:oak_log":11,"minecraft:coal_ore":22,"minecraft:poppy":1,"minecraft:dirt":2,"minecraft:tall_grass":36,"minecraft:cobblestone":1,"minecraft:lapis_ore":4,"minecraft:stone":241,"minecraft:oak_leaves":8},"minecraft:crafted":{"minecraft:wooden_sword":1,"minecraft:oak_planks":44,"minecraft:wooden_shovel":1,"minecraft:wooden_hoe":1,"minecraft:crafting_table":1,"minecraft:stick":20,"minecraft:wooden_pickaxe":1,"minecraft:stone_pickaxe":2,"minecraft:wooden_axe":2,"minecraft:stone_sword":1,"minecraft:torch":16},"minecraft:custom":{"minecraft:time_since_rest":6737,"minecraft:sprint_one_cm":65714,"minecraft:damage_taken":295,"minecraft:walk_one_cm":138496,"minecraft:mob_kills":9,"minecraft:animals_bred":1,"minecraft:damage_dealt":1371,"minecraft:interact_with_crafting_table":10,"minecraft:fly_one_cm":137763,"minecraft:play_time":39865,"minecraft:crouch_one_cm":748,"minecraft:deaths":1,"minecraft:sneak_time":239,"minecraft:walk_under_water_one_cm":848,"minecraft:jump":596,"minecraft:leave_game":1,"minecraft:walk_on_water_one_cm":2652,"minecraft:time_since_death":6713,"minecraft:total_world_time":39865,"minecraft:fall_one_cm":8478},"minecraft:picked_up":{"minecraft:wooden_axe":2,"minecraft:crafting_table":1,"minecraft:azure_bluet":2,"minecraft:torch":4,"minecraft:dandelion":4,"minecraft:oak_log":11,"minecraft:string":2,"minecraft:gunpowder":2,"minecraft:lapis_lazuli":29,"minecraft:wooden_hoe":1,"minecraft:dirt":73,"minecraft:wooden_sword":1,"minecraft:arrow":2,"minecraft:stone_sword":1,"minecraft:bone":4,"minecraft:rotten_flesh":7,"minecraft:apple":2,"minecraft:wheat_seeds":30,"minecraft:stone_pickaxe":1,"minecraft:wooden_shovel":1,"minecraft:poppy":2,"minecraft:oak_sapling":2,"minecraft:oak_planks":16,"minecraft:coal":40,"minecraft:cobblestone":383,"minecraft:egg":2},"minecraft:killed":{"minecraft:zombie":6,"minecraft:spider":1,"minecraft:creeper":1},"minecraft:broken":{"minecraft:stone_pickaxe":1,"minecraft:wooden_pickaxe":1},"minecraft:used":{"minecraft:wheat_seeds":26,"minecraft:wooden_hoe":149,"minecraft:wooden_axe":19,"minecraft:stone_pickaxe":209,"minecraft:poppy":1,"minecraft:wooden_pickaxe":59,"minecraft:rotten_flesh":7,"minecraft:wooden_shovel":113,"minecraft:wooden_sword":29,"minecraft:torch":12,"minecraft:dirt":60,"minecraft:cobblestone":26,"minecraft:crafting_table":2,"minecraft:oak_sapling":1}},"DataVersion":3953}