{"stats":{"minecraft:custom":{"minecraft:interact_with_furnace":27,"minecraft:mob_kills":41,"minecraft:animals_bred":6,"minecraft:interact_with_crafting_table":32,"minecraft:leave_game":2,"minecraft:time_since_death":25419,"minecraft:sleep_in_bed":2,"minecraft:climb_one_cm":2563,"minecraft:time_since_rest":14874,"minecraft:sprint_one_cm":212778,"minecraft:damage_taken":2279,"minecraft:walk_one_cm":418840,"minecraft:drop":1,"minecraft:damage_dealt":7141,"minecraft:swim_one_cm":2631,"minecraft:fly_one_cm":402312,"minecraft:open_chest":24,"minecraft:crouch_one_cm":7753,"minecraft:play_time":124542,"minecraft:deaths":7,"minecraft:sneak_time":1697,"minecraft:walk_under_water_one_cm":15377,"minecraft:boat_one_cm":58179,"minecraft:jump":1905,"minecraft:walk_on_water_one_cm":17960,"minecraft:total_world_time":124542,"minecraft:fish_caught":5,"minecraft:fall_one_cm":30801},"minecraft:killed":{"minecraft:zombie_villager":1,"minecraft:spider":5,"minecraft:creeper":4,"minecraft:skeleton":4,"minecraft:sheep":1,"minecraft:zombie":22,"minecraft:chicken":1,"minecraft:drowned":1},"minecraft:crafted":{"minecraft:wooden_sword":1,"minecraft:cooked_cod":3,"minecraft:oak_planks":60,"minecraft:wooden_shovel":1,"minecraft:fishing_rod":1,"minecraft:crafting_table":1,"minecraft:iron_helmet":1,"minecraft:wooden_pickaxe":1,"minecraft:cooked_chicken":1,"minecraft:furnace":1,"minecraft:cooked_salmon":2,"minecraft:bone_meal":3,"minecraft:bucket":1,"minecraft:flint_and_steel":1,"minecraft:cooked_mutton":1,"minecraft:air":0,"minecraft:oak_boat":1,"minecraft:iron_chestplate":1,"minecraft:iron_boots":1,"minecraft:wooden_hoe":1,"minecraft:shield":1,"minecraft:iron_axe":1,"minecraft:stick":28,"minecraft:iron_ingot":44,"minecraft:iron_pickaxe":1,"minecraft:stone_pickaxe":3,"minecraft:wooden_axe":2,"minecraft:stone_sword":1,"minecraft:chest":1,"minecraft:gold_ingot":2,"minecraft:iron_leggings":1,"minecraft:torch":16,"minecraft:shears":1,"minecraft:oak_door":3},"minecraft:used":{"minecraft:cooked_mutton":1,"minecraft:wheat_seeds":40,"minecraft:stone_sword":126,"minecraft:flint_and_steel":4,"minecraft:stone_pickaxe":526,"minecraft:ladder":4,"minecraft:poppy":1,"minecraft:chest":1,"minecraft:wooden_pickaxe":59,"minecraft:wooden_shovel":131,"minecraft:cooked_salmon":2,"minecraft:cooked_chicken":1,"minecraft:rotten_flesh":12,"minecraft:oak_door":2,"minecraft:torch":15,"minecraft:dirt":157,"minecraft:crafting_table":5,"minecraft:obsidian":3,"minecraft:wooden_axe":112,"minecraft:wooden_hoe":165,"minecraft:iron_axe":52,"minecraft:iron_pickaxe":1,"minecraft:wooden_sword":59,"minecraft:fishing_rod":10,"minecraft:cobblestone":40,"minecraft:potion":1,"minecraft:furnace":2,"minecraft:oak_sapling":15,"minecraft:cooked_cod":3,"minecraft:oak_boat":1,"minecraft:bone_meal":3},"minecraft:dropped":{"minecraft:bone":2},"minecraft:killed_by":{"minecraft:skeleton":3,"minecraft:zombie":3,"minecraft:enderman":1},"minecraft:mined":{"minecraft:glow_lichen":1,"minecraft:crafting_table":3,"minecraft:ladder":3,"minecraft:short_grass":170,"minecraft:grass_block":63,"minecraft:poppy":1,"minecraft:tall_grass":38,"minecraft:cobblestone":4,"minecraft:lapis_ore":4,"minecraft:diorite":1,"minecraft:furnace":1,"minecraft:iron_ore":53,"minecraft:fire":3,"minecraft:wheat":15,"minecraft:andesite":5,"minecraft:oak_log":29,"minecraft:coal_ore":46,"minecraft:dirt":66,"minecraft:stone":465,"minecraft:oak_leaves":133},"minecraft:picked_up":{"minecraft:wooden_axe":7,"minecraft:fishing_rod":5,"minecraft:feather":5,"minecraft:crafting_table":5,"minecraft:wheat":18,"minecraft:azure_bluet":2,"minecraft:chicken":1,"minecraft:ladder":1,"minecraft:andesite":5,"minecraft:salmon":5,"minecraft:potion":1,"minecraft:oak_log":48,"minecraft:gunpowder":8,"minecraft:dirt":326,"minecraft:lapis_lazuli":29,"minecraft:wooden_hoe":7,"minecraft:string":22,"minecraft:wooden_sword":1,"minecraft:bone":8,"minecraft:apple":4,"minecraft:wheat_seeds":84,"minecraft:bucket":4,"minecraft:stone_pickaxe":10,"minecraft:iron_ingot":7,"minecraft:cooked_chicken":4,"minecraft:oak_boat":1,"minecraft:poppy":2,"minecraft:wooden_shovel":1,"minecraft:glass_bottle":4,"minecraft:oak_planks":195,"minecraft:furnace":1,"minecraft:egg":18,"minecraft:stick":10,"minecraft:raw_iron":72,"minecraft:torch":11,"minecraft:dandelion":10,"minecraft:diorite":1,"minecraft:trident":1,"minecraft:spider_eye":6,"minecraft:stone_sword":7,"minecraft:arrow":18,"minecraft:rotten_flesh":55,"minecraft:cooked_cod":4,"minecraft:shears":1,"minecraft:oak_sapling":16,"minecraft:mutton":1,"minecraft:coal":64,"minecraft:cod":3,"minecraft:white_wool":6,"minecraft:cobblestone":1143,"minecraft:oxeye_daisy":5},"minecraft:broken":{"minecraft:stone_pickaxe":4,"minecraft:wooden_shovel":1,"minecraft:wooden_sword":1,"minecraft:wooden_axe":2,"minecraft:wooden_pickaxe":1}},"DataVersion":3953}