{"stats":{"minecraft:killed_by":{"minecraft:skeleton":1,"minecraft:enderman":1},"minecraft:dropped":{"minecraft:bone":2},"minecraft:mined":{"minecraft:crafting_table":1,"minecraft:short_grass":165,"minecraft:grass_block":61,"minecraft:poppy":1,"minecraft:cobblestone":1,"minecraft:tall_grass":38,"minecraft:lapis_ore":4,"minecraft:furnace":1,"minecraft:iron_ore":7,"minecraft:wheat":3,"minecraft:coal_ore":46,"minecraft:oak_log":20,"minecraft:dirt":32,"minecraft:stone":335,"minecraft:oak_leaves":51},"minecraft:crafted":{"minecraft:wooden_sword":1,"minecraft:cooked_cod":3,"minecraft:oak_planks":60,"minecraft:wooden_shovel":1,"minecraft:fishing_rod":1,"minecraft:crafting_table":1,"minecraft:cooked_chicken":1,"minecraft:wooden_pickaxe":1,"minecraft:furnace":1,"minecraft:cooked_salmon":1,"minecraft:bucket":1,"minecraft:bone_meal":3,"minecraft:cooked_mutton":1,"minecraft:air":0,"minecraft:wooden_hoe":1,"minecraft:stick":24,"minecraft:iron_ingot":4,"minecraft:stone_pickaxe":3,"minecraft:wooden_axe":2,"minecraft:stone_sword":1,"minecraft:chest":1,"minecraft:torch":16},"minecraft:custom":{"minecraft:interact_with_furnace":12,"minecraft:mob_kills":26,"minecraft:animals_bred":2,"minecraft:interact_with_crafting_table":19,"minecraft:leave_game":1,"minecraft:sleep_in_bed":1,"minecraft:time_since_death":23639,"minecraft:climb_one_cm":548,"minecraft:time_since_rest":23667,"minecraft:sprint_one_cm":140216,"minecraft:damage_taken":898,"minecraft:walk_one_cm":267496,"minecraft:drop":1,"minecraft:damage_dealt":4481,"minecraft:fly_one_cm":281348,"minecraft:open_chest":7,"minecraft:crouch_one_cm":5799,"minecraft:play_time":75865,"minecraft:deaths":2,"minecraft:sneak_time":1130,"minecraft:walk_under_water_one_cm":5182,"minecraft:jump":1269,"minecraft:walk_on_water_one_cm":13047,"minecraft:total_world_time":75865,"minecraft:fish_caught":5,"minecraft:fall_one_cm":19518},"minecraft:picked_up":{"minecraft:wooden_axe":3,"minecraft:feather":1,"minecraft:crafting_table":1,"minecraft:azure_bluet":2,"minecraft:chicken":1,"minecraft:salmon":2,"minecraft:potion":1,"minecraft:oak_log":15,"minecraft:gunpowder":4,"minecraft:wooden_hoe":2,"minecraft:lapis_lazuli":29,"minecraft:dirt":133,"minecraft:string":10,"minecraft:wooden_sword":1,"minecraft:bone":6,"minecraft:apple":2,"minecraft:wheat_seeds":36,"minecraft:stone_pickaxe":2,"minecraft:wooden_shovel":1,"minecraft:poppy":2,"minecraft:oak_planks":16,"minecraft:furnace":1,"minecraft:egg":6,"minecraft:raw_iron":7,"minecraft:stick":4,"minecraft:torch":5,"minecraft:dandelion":6,"minecraft:spider_eye":2,"minecraft:stone_sword":2,"minecraft:arrow":3,"minecraft:rotten_flesh":10,"minecraft:oak_sapling":7,"minecraft:cod":3,"minecraft:mutton":1,"minecraft:coal":64,"minecraft:white_wool":2,"minecraft:cobblestone":541,"minecraft:oxeye_daisy":1},"minecraft:killed":{"minecraft:zombie_villager":1,"minecraft:spider":5,"minecraft:creeper":4,"minecraft:sheep":1,"minecraft:skeleton":2,"minecraft:zombie":11,"minecraft:chicken":1},"minecraft:broken":{"minecraft:stone_pickaxe":2,"minecraft:wooden_shovel":1,"minecraft:wooden_sword":1,"minecraft:wooden_axe":1,"minecraft:wooden_pickaxe":1},"minecraft:used":{"minecraft:wheat_seeds":28,"minecraft:cooked_mutton":1,"minecraft:stone_sword":55,"minecraft:stone_pickaxe":336,"minecraft:ladder":4,"minecraft:poppy":1,"minecraft:chest":1,"minecraft:wooden_pickaxe":59,"minecraft:wooden_shovel":131,"minecraft:cooked_salmon":1,"minecraft:rotten_flesh":10,"minecraft:torch":12,"minecraft:dirt":83,"minecraft:crafting_table":2,"minecraft:wooden_axe":74,"minecraft:wooden_hoe":151,"minecraft:fishing_rod":9,"minecraft:wooden_sword":59,"minecraft:cobblestone":40,"minecraft:potion":1,"minecraft:furnace":2,"minecraft:oak_sapling":6,"minecraft:cooked_cod":2,"minecraft:bone_meal":3}},"DataVersion":3953}