{"stats":{"minecraft:killed":{"minecraft:spider":11,"minecraft:skeleton":26,"minecraft:chicken":1,"minecraft:drowned":1,"minecraft:skeleton_horse":2,"minecraft:piglin":2,"minecraft:zombie_villager":2,"minecraft:hoglin":1,"minecraft:creeper":13,"minecraft:sheep":1,"minecraft:zombie":52,"minecraft:cow":6,"minecraft:enderman":4},"minecraft:picked_up":{"minecraft:wooden_axe":7,"minecraft:fishing_rod":6,"minecraft:mud":8,"minecraft:iron_chestplate":4,"minecraft:crafting_table":6,"minecraft:wheat":21,"minecraft:azure_bluet":2,"minecraft:chicken":1,"minecraft:ladder":1,"minecraft:potion":5,"minecraft:golden_sword":1,"minecraft:string":33,"minecraft:raw_copper":25,"minecraft:wooden_sword":1,"minecraft:flint_and_steel":3,"minecraft:iron_leggings":2,"minecraft:smooth_stone":1,"minecraft:gold_nugget":40,"minecraft:cobbled_deepslate":385,"minecraft:bucket":4,"minecraft:beef":13,"minecraft:oak_boat":2,"minecraft:observer":2,"minecraft:wooden_shovel":1,"minecraft:poppy":2,"minecraft:iron_pickaxe":3,"minecraft:sugar_cane":35,"minecraft:egg":32,"minecraft:iron_boots":4,"minecraft:furnace":1,"minecraft:stick":45,"minecraft:raw_iron":191,"minecraft:oak_fence":2,"minecraft:torch":17,"minecraft:porkchop":3,"minecraft:diorite":481,"minecraft:trident":2,"minecraft:carrot":49,"minecraft:redstone":206,"minecraft:stone_sword":7,"minecraft:arrow":50,"minecraft:rotten_flesh":147,"minecraft:cooked_cod":4,"minecraft:shears":2,"minecraft:saddle":1,"minecraft:gold_ingot":5,"minecraft:mutton":1,"minecraft:obsidian":2,"minecraft:cod":3,"minecraft:white_wool":6,"minecraft:cobblestone":1937,"minecraft:oxeye_daisy":5,"minecraft:feather":5,"minecraft:andesite":25,"minecraft:salmon":5,"minecraft:leather":8,"minecraft:potato":13,"minecraft:filled_map":3,"minecraft:flint":1,"minecraft:tuff":79,"minecraft:oak_log":63,"minecraft:gunpowder":17,"minecraft:lapis_lazuli":147,"minecraft:wooden_hoe":8,"minecraft:dirt":612,"minecraft:glass":1,"minecraft:bone":44,"minecraft:apple":6,"minecraft:bow":4,"minecraft:wheat_seeds":91,"minecraft:raw_gold":41,"minecraft:iron_ingot":14,"minecraft:stone_pickaxe":10,"minecraft:cooked_chicken":4,"minecraft:glass_bottle":4,"minecraft:iron_sword":3,"minecraft:oak_planks":231,"minecraft:quartz":51,"minecraft:dandelion":14,"minecraft:gravel":8,"minecraft:sand":46,"minecraft:grass_block":1,"minecraft:spider_eye":7,"minecraft:diamond":230,"minecraft:iron_helmet":4,"minecraft:granite":340,"minecraft:oak_sapling":21,"minecraft:netherrack":37,"minecraft:coal":169,"minecraft:crimson_roots":4,"minecraft:hopper":19,"minecraft:ender_pearl":3},"minecraft:killed_by":{"minecraft:creeper":1,"minecraft:enderman":2,"minecraft:skeleton":3,"minecraft:zombie":4},"minecraft:mined":{"minecraft:nether_gold_ore":10,"minecraft:diamond_ore":6,"minecraft:tuff":37,"minecraft:deepslate_diamond_ore":60,"minecraft:glow_lichen":1,"minecraft:ladder":3,"minecraft:granite":89,"minecraft:grass_block":153,"minecraft:hopper":19,"minecraft:smooth_stone":1,"minecraft:redstone_ore":6,"minecraft:furnace":1,"minecraft:carrots":14,"minecraft:cobbled_deepslate":3,"minecraft:iron_ore":99,"minecraft:fire":3,"minecraft:andesite":21,"minecraft:potatoes":10,"minecraft:deepslate_iron_ore":11,"minecraft:stone":862,"minecraft:deepslate_redstone_ore":7,"minecraft:crimson_nylium":8,"minecraft:observer":2,"minecraft:dandelion":1,"minecraft:oak_fence":2,"minecraft:crafting_table":4,"minecraft:short_grass":213,"minecraft:poppy":1,"minecraft:glass":1,"minecraft:cobblestone":23,"minecraft:copper_ore":5,"minecraft:nether_quartz_ore":51,"minecraft:tall_grass":39,"minecraft:deepslate_gold_ore":10,"minecraft:lapis_ore":9,"minecraft:sugar_cane":17,"minecraft:diorite":139,"minecraft:mud":8,"minecraft:wheat":15,"minecraft:coal_ore":100,"minecraft:oak_log":40,"minecraft:gravel":2,"minecraft:sand":46,"minecraft:dirt":130,"minecraft:netherrack":31,"minecraft:gold_ore":1,"minecraft:oak_leaves":205,"minecraft:deepslate":172},"minecraft:broken":{"minecraft:wooden_shovel":1,"minecraft:wooden_pickaxe":1,"minecraft:stone_pickaxe":4,"minecraft:golden_sword":1,"minecraft:wooden_sword":1,"minecraft:iron_pickaxe":4,"minecraft:wooden_axe":2,"minecraft:wooden_hoe":1},"minecraft:custom":{"minecraft:mob_kills":125,"minecraft:animals_bred":11,"minecraft:inspect_hopper":13,"minecraft:interact_with_crafting_table":70,"minecraft:leave_game":11,"minecraft:time_since_death":145655,"minecraft:climb_one_cm":3282,"minecraft:sprint_one_cm":349797,"minecraft:walk_one_cm":1059824,"minecraft:damage_blocked_by_shield":2100,"minecraft:drop":22,"minecraft:talked_to_villager":10,"minecraft:play_time":344408,"minecraft:deaths":11,"minecraft:sneak_time":4596,"minecraft:walk_under_water_one_cm":33414,"minecraft:boat_one_cm":58179,"minecraft:jump":3493,"minecraft:interact_with_blast_furnace":1,"minecraft:walk_on_water_one_cm":37304,"minecraft:total_world_time":344408,"minecraft:interact_with_furnace":52,"minecraft:sleep_in_bed":5,"minecraft:time_since_rest":22322,"minecraft:damage_taken":5051,"minecraft:damage_absorbed":77,"minecraft:damage_dealt":23611,"minecraft:swim_one_cm":2631,"minecraft:fly_one_cm":964963,"minecraft:open_chest":140,"minecraft:crouch_one_cm":14051,"minecraft:fish_caught":5,"minecraft:fall_one_cm":52457,"minecraft:horse_one_cm":1003401},"minecraft:dropped":{"minecraft:cobblestone":93,"minecraft:leather":1,"minecraft:saddle":1,"minecraft:golden_apple":1,"minecraft:stick":30,"minecraft:dirt":1,"minecraft:diorite":74,"minecraft:gold_ingot":3,"minecraft:dandelion":3,"minecraft:bone":2,"minecraft:rotten_flesh":2,"minecraft:arrow":8,"minecraft:glass":1,"minecraft:bread":3},"minecraft:used":{"minecraft:oak_trapdoor":1,"minecraft:stone_sword":126,"minecraft:iron_shovel":144,"minecraft:flint_and_steel":11,"minecraft:ladder":5,"minecraft:poppy":1,"minecraft:chest":5,"minecraft:shield":57,"minecraft:iron_sword":240,"minecraft:cooked_chicken":1,"minecraft:cooked_salmon":2,"minecraft:wooden_shovel":131,"minecraft:rotten_flesh":20,"minecraft:netherrack":17,"minecraft:oak_door":2,"minecraft:bee_spawn_egg":2,"minecraft:torch":17,"minecraft:dirt":320,"minecraft:hopper":29,"minecraft:carrot":39,"minecraft:obsidian":70,"minecraft:glass":20,"minecraft:wooden_axe":112,"minecraft:iron_axe":135,"minecraft:golden_sword":13,"minecraft:furnace":2,"minecraft:oak_sapling":15,"minecraft:cooked_cod":3,"minecraft:cooked_beef":3,"minecraft:potato":23,"minecraft:zombified_piglin_spawn_egg":7,"minecraft:cobbled_deepslate":26,"minecraft:observer":10,"minecraft:cooked_mutton":1,"minecraft:wheat_seeds":40,"minecraft:water_bucket":16,"minecraft:diorite":38,"minecraft:glass_bottle":13,"minecraft:stone_pickaxe":526,"minecraft:oak_planks":4,"minecraft:blackstone":1,"minecraft:ender_pearl":12,"minecraft:wooden_pickaxe":59,"minecraft:sugar_cane":34,"minecraft:golden_apple":4,"minecraft:crafting_table":7,"minecraft:mud":8,"minecraft:piston":9,"minecraft:wooden_hoe":218,"minecraft:diamond_pickaxe":244,"minecraft:bread":2,"minecraft:iron_pickaxe":1015,"minecraft:fishing_rod":10,"minecraft:diamond_sword":83,"minecraft:wooden_sword":59,"minecraft:potion":13,"minecraft:cobblestone":152,"minecraft:cooked_porkchop":3,"minecraft:bucket":16,"minecraft:oak_boat":1,"minecraft:trident":2,"minecraft:air":12,"minecraft:oak_fence":5,"minecraft:bone_meal":59,"minecraft:smooth_stone":1},"minecraft:crafted":{"minecraft:wooden_sword":1,"minecraft:oak_door":3,"minecraft:oak_planks":172,"minecraft:fishing_rod":1,"minecraft:cooked_chicken":1,"minecraft:furnace":1,"minecraft:piston":8,"minecraft:bone_meal":63,"minecraft:cooked_mutton":1,"minecraft:flint_and_steel":1,"minecraft:oak_trapdoor":2,"minecraft:glass":29,"minecraft:hopper":6,"minecraft:diamond_leggings":1,"minecraft:iron_boots":1,"minecraft:iron_axe":2,"minecraft:stone_pickaxe":3,"minecraft:chest":11,"minecraft:oak_fence":3,"minecraft:observer":8,"minecraft:cooked_beef":13,"minecraft:glass_bottle":9,"minecraft:cooked_cod":3,"minecraft:wooden_shovel":1,"minecraft:diamond_sword":1,"minecraft:cooked_porkchop":3,"minecraft:crafting_table":2,"minecraft:wooden_pickaxe":1,"minecraft:iron_helmet":1,"minecraft:iron_sword":1,"minecraft:cooked_salmon":2,"minecraft:bucket":1,"minecraft:air":0,"minecraft:oak_boat":1,"minecraft:iron_chestplate":1,"minecraft:wooden_hoe":1,"minecraft:diamond_pickaxe":4,"minecraft:golden_apple":1,"minecraft:shield":2,"minecraft:stick":68,"minecraft:compass":1,"minecraft:iron_ingot":110,"minecraft:iron_pickaxe":3,"minecraft:wooden_axe":2,"minecraft:stone_sword":1,"minecraft:gold_ingot":16,"minecraft:iron_shovel":1,"minecraft:iron_leggings":1,"minecraft:torch":16,"minecraft:shears":1}},"DataVersion":3953}