{"stats":{"minecraft:killed_by":{"minecraft:enderman":1},"minecraft:dropped":{"minecraft:bone":2},"minecraft:mined":{"minecraft:crafting_table":1,"minecraft:short_grass":162,"minecraft:grass_block":58,"minecraft:poppy":1,"minecraft:cobblestone":1,"minecraft:tall_grass":37,"minecraft:lapis_ore":4,"minecraft:furnace":1,"minecraft:wheat":1,"minecraft:coal_ore":22,"minecraft:oak_log":16,"minecraft:dirt":30,"minecraft:stone":292,"minecraft:oak_leaves":49},"minecraft:crafted":{"minecraft:wooden_sword":1,"minecraft:oak_planks":44,"minecraft:wooden_shovel":1,"minecraft:crafting_table":1,"minecraft:wooden_pickaxe":1,"minecraft:furnace":1,"minecraft:cooked_mutton":1,"minecraft:air":0,"minecraft:wooden_hoe":1,"minecraft:stick":20,"minecraft:stone_pickaxe":2,"minecraft:wooden_axe":2,"minecraft:stone_sword":1,"minecraft:chest":1,"minecraft:torch":16},"minecraft:custom":{"minecraft:interact_with_furnace":3,"minecraft:mob_kills":18,"minecraft:animals_bred":1,"minecraft:interact_with_crafting_table":14,"minecraft:leave_game":1,"minecraft:sleep_in_bed":1,"minecraft:time_since_death":18713,"minecraft:time_since_rest":4468,"minecraft:sprint_one_cm":93375,"minecraft:damage_taken":435,"minecraft:walk_one_cm":186740,"minecraft:drop":1,"minecraft:damage_dealt":3293,"minecraft:fly_one_cm":190222,"minecraft:open_chest":3,"minecraft:crouch_one_cm":3201,"minecraft:play_time":51865,"minecraft:deaths":1,"minecraft:sneak_time":729,"minecraft:walk_under_water_one_cm":1468,"minecraft:jump":844,"minecraft:walk_on_water_one_cm":4931,"minecraft:total_world_time":51865,"minecraft:fall_one_cm":13202},"minecraft:picked_up":{"minecraft:wooden_axe":2,"minecraft:crafting_table":1,"minecraft:azure_bluet":2,"minecraft:oak_log":11,"minecraft:gunpowder":3,"minecraft:wooden_hoe":1,"minecraft:lapis_lazuli":29,"minecraft:dirt":105,"minecraft:string":5,"minecraft:wooden_sword":1,"minecraft:bone":5,"minecraft:apple":2,"minecraft:wheat_seeds":32,"minecraft:stone_pickaxe":1,"minecraft:wooden_shovel":1,"minecraft:poppy":2,"minecraft:oak_planks":16,"minecraft:furnace":1,"minecraft:egg":3,"minecraft:stick":2,"minecraft:torch":4,"minecraft:dandelion":5,"minecraft:spider_eye":1,"minecraft:stone_sword":1,"minecraft:arrow":2,"minecraft:rotten_flesh":8,"minecraft:oak_sapling":6,"minecraft:mutton":1,"minecraft:coal":40,"minecraft:white_wool":1,"minecraft:cobblestone":441},"minecraft:killed":{"minecraft:spider":3,"minecraft:creeper":3,"minecraft:sheep":1,"minecraft:skeleton":1,"minecraft:zombie":9},"minecraft:broken":{"minecraft:stone_pickaxe":1,"minecraft:wooden_shovel":1,"minecraft:wooden_sword":1,"minecraft:wooden_axe":1,"minecraft:wooden_pickaxe":1},"minecraft:used":{"minecraft:wheat_seeds":26,"minecraft:cooked_mutton":1,"minecraft:stone_sword":21,"minecraft:stone_pickaxe":261,"minecraft:poppy":1,"minecraft:chest":1,"minecraft:wooden_pickaxe":59,"minecraft:wooden_shovel":131,"minecraft:rotten_flesh":8,"minecraft:torch":12,"minecraft:dirt":60,"minecraft:crafting_table":2,"minecraft:wooden_axe":68,"minecraft:wooden_hoe":149,"minecraft:wooden_sword":59,"minecraft:cobblestone":40,"minecraft:furnace":2,"minecraft:oak_sapling":5}},"DataVersion":3953}