{"stats":{"minecraft:mined":{"minecraft:short_grass":50,"minecraft:grass_block":19,"minecraft:coal_ore":6,"minecraft:oak_log":5,"minecraft:tall_grass":18,"minecraft:cobblestone":1,"minecraft:stone":18,"minecraft:crafting_table":1},"minecraft:crafted":{"minecraft:oak_planks":20,"minecraft:wooden_hoe":1,"minecraft:crafting_table":1,"minecraft:stick":8,"minecraft:wooden_pickaxe":1,"minecraft:wooden_axe":2},"minecraft:custom":{"minecraft:time_since_rest":9927,"minecraft:crouch_one_cm":72,"minecraft:play_time":9927,"minecraft:sprint_one_cm":14264,"minecraft:walk_one_cm":33573,"minecraft:sneak_time":20,"minecraft:mob_kills":1,"minecraft:animals_bred":1,"minecraft:jump":109,"minecraft:damage_dealt":60,"minecraft:leave_game":1,"minecraft:time_since_death":9927,"minecraft:total_world_time":9927,"minecraft:interact_with_crafting_table":2,"minecraft:fall_one_cm":1672,"minecraft:fly_one_cm":32620},"minecraft:picked_up":{"minecraft:crafting_table":1,"minecraft:rotten_flesh":1,"minecraft:wheat_seeds":6,"minecraft:oak_log":5,"minecraft:oak_sapling":1,"minecraft:coal":6,"minecraft:dirt":19,"minecraft:cobblestone":19},"minecraft:killed":{"minecraft:zombie":1},"minecraft:used":{"minecraft:wooden_axe":3,"minecraft:wooden_hoe":65,"minecraft:dirt":16,"minecraft:cobblestone":19,"minecraft:crafting_table":2,"minecraft:oak_sapling":1,"minecraft:wooden_pickaxe":25}},"DataVersion":3953}