{"stats":{"minecraft:killed_by":{"minecraft:skeleton":3,"minecraft:zombie":2,"minecraft:enderman":1},"minecraft:dropped":{"minecraft:bone":2},"minecraft:mined":{"minecraft:crafting_table":1,"minecraft:ladder":3,"minecraft:short_grass":170,"minecraft:grass_block":61,"minecraft:poppy":1,"minecraft:cobblestone":4,"minecraft:tall_grass":38,"minecraft:lapis_ore":4,"minecraft:furnace":1,"minecraft:iron_ore":7,"minecraft:wheat":15,"minecraft:coal_ore":46,"minecraft:oak_log":20,"minecraft:dirt":32,"minecraft:stone":335,"minecraft:oak_leaves":51},"minecraft:crafted":{"minecraft:wooden_sword":1,"minecraft:cooked_cod":3,"minecraft:oak_planks":60,"minecraft:wooden_shovel":1,"minecraft:fishing_rod":1,"minecraft:crafting_table":1,"minecraft:cooked_chicken":1,"minecraft:wooden_pickaxe":1,"minecraft:furnace":1,"minecraft:cooked_salmon":1,"minecraft:bucket":1,"minecraft:bone_meal":3,"minecraft:cooked_mutton":1,"minecraft:air":0,"minecraft:wooden_hoe":1,"minecraft:stick":24,"minecraft:iron_ingot":7,"minecraft:stone_pickaxe":3,"minecraft:wooden_axe":2,"minecraft:stone_sword":1,"minecraft:chest":1,"minecraft:torch":16},"minecraft:custom":{"minecraft:interact_with_furnace":13,"minecraft:mob_kills":36,"minecraft:animals_bred":3,"minecraft:interact_with_crafting_table":19,"minecraft:leave_game":2,"minecraft:sleep_in_bed":1,"minecraft:time_since_death":6945,"minecraft:climb_one_cm":2089,"minecraft:time_since_rest":6985,"minecraft:sprint_one_cm":192666,"minecraft:damage_taken":1743,"minecraft:walk_one_cm":325577,"minecraft:drop":1,"minecraft:damage_dealt":6165,"minecraft:fly_one_cm":369201,"minecraft:open_chest":7,"minecraft:crouch_one_cm":7753,"minecraft:play_time":88582,"minecraft:deaths":6,"minecraft:sneak_time":1697,"minecraft:walk_under_water_one_cm":5182,"minecraft:jump":1602,"minecraft:walk_on_water_one_cm":13047,"minecraft:total_world_time":88582,"minecraft:fish_caught":5,"minecraft:fall_one_cm":27868},"minecraft:picked_up":{"minecraft:wooden_axe":7,"minecraft:wheat":18,"minecraft:fishing_rod":4,"minecraft:feather":5,"minecraft:crafting_table":3,"minecraft:azure_bluet":2,"minecraft:chicken":1,"minecraft:ladder":1,"minecraft:salmon":5,"minecraft:potion":1,"minecraft:oak_log":39,"minecraft:gunpowder":8,"minecraft:wooden_hoe":6,"minecraft:lapis_lazuli":29,"minecraft:dirt":277,"minecraft:string":22,"minecraft:wooden_sword":1,"minecraft:bone":6,"minecraft:apple":2,"minecraft:wheat_seeds":84,"minecraft:bucket":4,"minecraft:cooked_chicken":4,"minecraft:iron_ingot":7,"minecraft:stone_pickaxe":9,"minecraft:wooden_shovel":1,"minecraft:poppy":2,"minecraft:glass_bottle":4,"minecraft:oak_planks":195,"minecraft:furnace":1,"minecraft:egg":14,"minecraft:raw_iron":7,"minecraft:stick":8,"minecraft:torch":9,"minecraft:dandelion":10,"minecraft:spider_eye":6,"minecraft:stone_sword":6,"minecraft:arrow":15,"minecraft:rotten_flesh":33,"minecraft:cooked_cod":4,"minecraft:oak_sapling":7,"minecraft:cod":3,"minecraft:mutton":1,"minecraft:coal":64,"minecraft:white_wool":6,"minecraft:cobblestone":972,"minecraft:oxeye_daisy":5},"minecraft:killed":{"minecraft:zombie_villager":1,"minecraft:spider":5,"minecraft:creeper":4,"minecraft:sheep":1,"minecraft:skeleton":4,"minecraft:zombie":18,"minecraft:chicken":1},"minecraft:broken":{"minecraft:stone_pickaxe":2,"minecraft:wooden_shovel":1,"minecraft:wooden_sword":1,"minecraft:wooden_axe":1,"minecraft:wooden_pickaxe":1},"minecraft:used":{"minecraft:wheat_seeds":40,"minecraft:cooked_mutton":1,"minecraft:stone_sword":100,"minecraft:stone_pickaxe":339,"minecraft:ladder":4,"minecraft:poppy":1,"minecraft:chest":1,"minecraft:wooden_pickaxe":59,"minecraft:wooden_shovel":131,"minecraft:cooked_salmon":1,"minecraft:cooked_chicken":1,"minecraft:rotten_flesh":10,"minecraft:torch":12,"minecraft:dirt":127,"minecraft:crafting_table":2,"minecraft:wooden_axe":74,"minecraft:wooden_hoe":163,"minecraft:fishing_rod":10,"minecraft:wooden_sword":59,"minecraft:cobblestone":40,"minecraft:potion":1,"minecraft:furnace":2,"minecraft:oak_sapling":6,"minecraft:cooked_cod":3,"minecraft:bone_meal":3}},"DataVersion":3953}