{"stats":{"minecraft:killed":{"minecraft:spider":6,"minecraft:skeleton":7,"minecraft:chicken":1,"minecraft:drowned":1,"minecraft:piglin":1,"minecraft:zombie_villager":2,"minecraft:creeper":6,"minecraft:sheep":1,"minecraft:zombie":30,"minecraft:enderman":1},"minecraft:picked_up":{"minecraft:wooden_axe":7,"minecraft:fishing_rod":6,"minecraft:crafting_table":5,"minecraft:iron_chestplate":2,"minecraft:wheat":20,"minecraft:azure_bluet":2,"minecraft:chicken":1,"minecraft:ladder":1,"minecraft:potion":1,"minecraft:raw_copper":8,"minecraft:string":26,"minecraft:wooden_sword":1,"minecraft:flint_and_steel":1,"minecraft:iron_leggings":2,"minecraft:gold_nugget":40,"minecraft:cobbled_deepslate":196,"minecraft:bucket":4,"minecraft:oak_boat":2,"minecraft:wooden_shovel":1,"minecraft:poppy":2,"minecraft:iron_pickaxe":2,"minecraft:furnace":1,"minecraft:iron_boots":2,"minecraft:egg":22,"minecraft:stick":13,"minecraft:raw_iron":134,"minecraft:torch":15,"minecraft:diorite":240,"minecraft:carrot":2,"minecraft:trident":2,"minecraft:redstone":88,"minecraft:stone_sword":7,"minecraft:arrow":20,"minecraft:rotten_flesh":100,"minecraft:cooked_cod":4,"minecraft:shears":2,"minecraft:gold_ingot":5,"minecraft:mutton":1,"minecraft:cod":3,"minecraft:white_wool":6,"minecraft:cobblestone":1403,"minecraft:oxeye_daisy":5,"minecraft:feather":5,"minecraft:salmon":5,"minecraft:andesite":10,"minecraft:filled_map":2,"minecraft:flint":1,"minecraft:tuff":42,"minecraft:oak_log":52,"minecraft:gunpowder":10,"minecraft:wooden_hoe":8,"minecraft:lapis_lazuli":71,"minecraft:dirt":365,"minecraft:bone":14,"minecraft:apple":4,"minecraft:wheat_seeds":84,"minecraft:raw_gold":19,"minecraft:stone_pickaxe":10,"minecraft:iron_ingot":14,"minecraft:cooked_chicken":4,"minecraft:glass_bottle":4,"minecraft:iron_sword":1,"minecraft:oak_planks":231,"minecraft:quartz":31,"minecraft:dandelion":10,"minecraft:gravel":4,"minecraft:spider_eye":6,"minecraft:diamond":100,"minecraft:iron_helmet":2,"minecraft:granite":162,"minecraft:oak_sapling":16,"minecraft:netherrack":24,"minecraft:coal":90,"minecraft:crimson_roots":3,"minecraft:ender_pearl":1},"minecraft:killed_by":{"minecraft:creeper":1,"minecraft:enderman":2,"minecraft:skeleton":3,"minecraft:zombie":3},"minecraft:mined":{"minecraft:diamond_ore":6,"minecraft:nether_gold_ore":10,"minecraft:tuff":33,"minecraft:deepslate_diamond_ore":60,"minecraft:granite":89,"minecraft:glow_lichen":1,"minecraft:ladder":3,"minecraft:grass_block":64,"minecraft:redstone_ore":6,"minecraft:furnace":1,"minecraft:iron_ore":73,"minecraft:cobbled_deepslate":3,"minecraft:fire":3,"minecraft:andesite":5,"minecraft:deepslate_iron_ore":11,"minecraft:stone":631,"minecraft:deepslate_redstone_ore":7,"minecraft:crimson_nylium":2,"minecraft:crafting_table":3,"minecraft:short_grass":170,"minecraft:poppy":1,"minecraft:copper_ore":1,"minecraft:nether_quartz_ore":31,"minecraft:tall_grass":38,"minecraft:cobblestone":4,"minecraft:deepslate_gold_ore":10,"minecraft:lapis_ore":9,"minecraft:diorite":124,"minecraft:wheat":15,"minecraft:coal_ore":71,"minecraft:oak_log":29,"minecraft:gravel":2,"minecraft:dirt":82,"minecraft:netherrack":23,"minecraft:gold_ore":1,"minecraft:deepslate":133,"minecraft:oak_leaves":133},"minecraft:broken":{"minecraft:wooden_shovel":1,"minecraft:wooden_pickaxe":1,"minecraft:stone_pickaxe":4,"minecraft:wooden_sword":1,"minecraft:iron_pickaxe":3,"minecraft:wooden_axe":2},"minecraft:custom":{"minecraft:mob_kills":58,"minecraft:animals_bred":11,"minecraft:interact_with_crafting_table":33,"minecraft:leave_game":5,"minecraft:time_since_death":164,"minecraft:climb_one_cm":2826,"minecraft:sprint_one_cm":233693,"minecraft:walk_one_cm":624681,"minecraft:damage_blocked_by_shield":270,"minecraft:drop":4,"minecraft:play_time":198045,"minecraft:deaths":10,"minecraft:sneak_time":2982,"minecraft:walk_under_water_one_cm":17048,"minecraft:boat_one_cm":58179,"minecraft:jump":2438,"minecraft:walk_on_water_one_cm":19501,"minecraft:total_world_time":198045,"minecraft:interact_with_furnace":28,"minecraft:sleep_in_bed":2,"minecraft:time_since_rest":189,"minecraft:damage_taken":3090,"minecraft:damage_dealt":10514,"minecraft:swim_one_cm":2631,"minecraft:fly_one_cm":792427,"minecraft:open_chest":30,"minecraft:crouch_one_cm":9712,"minecraft:fish_caught":5,"minecraft:fall_one_cm":40762},"minecraft:dropped":{"minecraft:gold_ingot":3,"minecraft:bone":2},"minecraft:used":{"minecraft:trident":2,"minecraft:stone_sword":126,"minecraft:flint_and_steel":11,"minecraft:poppy":1,"minecraft:ladder":4,"minecraft:chest":2,"minecraft:shield":6,"minecraft:iron_sword":59,"minecraft:wooden_shovel":131,"minecraft:cooked_salmon":2,"minecraft:cooked_chicken":1,"minecraft:rotten_flesh":17,"minecraft:netherrack":9,"minecraft:oak_door":2,"minecraft:bee_spawn_egg":2,"minecraft:torch":15,"minecraft:dirt":158,"minecraft:obsidian":70,"minecraft:wooden_axe":112,"minecraft:iron_axe":52,"minecraft:oak_sapling":15,"minecraft:furnace":2,"minecraft:cooked_cod":3,"minecraft:cobbled_deepslate":26,"minecraft:zombified_piglin_spawn_egg":7,"minecraft:wheat_seeds":40,"minecraft:cooked_mutton":1,"minecraft:diorite":23,"minecraft:stone_pickaxe":526,"minecraft:blackstone":1,"minecraft:ender_pearl":12,"minecraft:wooden_pickaxe":59,"minecraft:crafting_table":5,"minecraft:wooden_hoe":165,"minecraft:iron_pickaxe":792,"minecraft:fishing_rod":10,"minecraft:wooden_sword":59,"minecraft:cobblestone":43,"minecraft:potion":1,"minecraft:oak_boat":1,"minecraft:bone_meal":41},"minecraft:crafted":{"minecraft:wooden_sword":1,"minecraft:oak_door":3,"minecraft:oak_planks":60,"minecraft:fishing_rod":1,"minecraft:cooked_chicken":1,"minecraft:furnace":1,"minecraft:bone_meal":12,"minecraft:cooked_mutton":1,"minecraft:flint_and_steel":1,"minecraft:iron_boots":1,"minecraft:iron_axe":1,"minecraft:stone_pickaxe":3,"minecraft:chest":2,"minecraft:cooked_cod":3,"minecraft:wooden_shovel":1,"minecraft:crafting_table":1,"minecraft:wooden_pickaxe":1,"minecraft:iron_helmet":1,"minecraft:iron_sword":1,"minecraft:cooked_salmon":2,"minecraft:bucket":1,"minecraft:air":0,"minecraft:oak_boat":1,"minecraft:iron_chestplate":1,"minecraft:wooden_hoe":1,"minecraft:shield":1,"minecraft:stick":32,"minecraft:iron_ingot":53,"minecraft:iron_pickaxe":3,"minecraft:wooden_axe":2,"minecraft:stone_sword":1,"minecraft:iron_leggings":1,"minecraft:gold_ingot":2,"minecraft:torch":16,"minecraft:shears":1}},"DataVersion":3953}