{
  "minecraft:recipes/decorations/crafting_table": {
    "criteria": {
      "unlock_right_away": "2024-09-07 04:32:49 +0000"
    },
    "done": true
  },
  "minecraft:adventure/root": {
    "criteria": {
      "killed_by_something": "2024-09-07 04:34:08 +0000"
    },
    "done": true
  },
  "minecraft:adventure/adventuring_time": {
    "criteria": {
      "minecraft:stony_shore": "2024-09-07 04:33:21 +0000",
      "minecraft:plains": "2024-09-07 04:32:50 +0000"
    },
    "done": false
  },
  "DataVersion": 3953
}